CRITICAL - 2026-09-17 18:06:18 --> ErrorException: Undefined variable $id
[Method: GET, Route: /]
in APPPATH/Controllers/Home.php on line 12.
 1 APPPATH/Controllers/Home.php(12): CodeIgniter\Debug\Exceptions->errorHandler(2, 'Undefined variable $id', '/Applications/MAMP/htdocs/Escrow/app/Controllers/Home.php', 12)
 2 SYSTEMPATH/CodeIgniter.php(974): App\Controllers\Home->index()
 3 SYSTEMPATH/CodeIgniter.php(520): CodeIgniter\CodeIgniter->runController(Object(App\Controllers\Home))
 4 SYSTEMPATH/CodeIgniter.php(363): CodeIgniter\CodeIgniter->handleRequest(null, Object(Config\Cache), false)
 5 SYSTEMPATH/Boot.php(417): CodeIgniter\CodeIgniter->run()
 6 SYSTEMPATH/Boot.php(68): CodeIgniter\Boot::runCodeIgniter(Object(CodeIgniter\CodeIgniter))
 7 FCPATH/index.php(59): CodeIgniter\Boot::bootWeb(Object(Config\Paths))
CRITICAL - 2026-09-17 18:07:35 --> ErrorException: Undefined variable $users
[Method: GET, Route: /]
in APPPATH/Views/home.php on line 14.
 1 APPPATH/Views/home.php(14): CodeIgniter\Debug\Exceptions->errorHandler(2, 'Undefined variable $users', '/Applications/MAMP/htdocs/Escrow/app/Views/home.php', 14)
 2 SYSTEMPATH/View/View.php(240): include('/Applications/MAMP/htdocs/Escrow/app/Views/home.php')
 3 SYSTEMPATH/View/View.php(243): CodeIgniter\View\View->CodeIgniter\View\{closure}()
 4 SYSTEMPATH/Common.php(1268): CodeIgniter\View\View->render('home', [], true)
 5 APPPATH/Controllers/Home.php(13): view('home', [...])
 6 SYSTEMPATH/CodeIgniter.php(974): App\Controllers\Home->index()
 7 SYSTEMPATH/CodeIgniter.php(520): CodeIgniter\CodeIgniter->runController(Object(App\Controllers\Home))
 8 SYSTEMPATH/CodeIgniter.php(363): CodeIgniter\CodeIgniter->handleRequest(null, Object(Config\Cache), false)
 9 SYSTEMPATH/Boot.php(417): CodeIgniter\CodeIgniter->run()
10 SYSTEMPATH/Boot.php(68): CodeIgniter\Boot::runCodeIgniter(Object(CodeIgniter\CodeIgniter))
11 FCPATH/index.php(59): CodeIgniter\Boot::bootWeb(Object(Config\Paths))
CRITICAL - 2026-09-17 18:07:35 --> ErrorException: Undefined variable $users
[Method: GET, Route: /]
in APPPATH/Views/home.php on line 14.
 1 APPPATH/Views/home.php(14): CodeIgniter\Debug\Exceptions->errorHandler(2, 'Undefined variable $users', '/Applications/MAMP/htdocs/Escrow/app/Views/home.php', 14)
 2 SYSTEMPATH/View/View.php(240): include('/Applications/MAMP/htdocs/Escrow/app/Views/home.php')
 3 SYSTEMPATH/View/View.php(243): CodeIgniter\View\View->CodeIgniter\View\{closure}()
 4 SYSTEMPATH/Common.php(1268): CodeIgniter\View\View->render('home', [], true)
 5 APPPATH/Controllers/Home.php(13): view('home', [...])
 6 SYSTEMPATH/CodeIgniter.php(974): App\Controllers\Home->index()
 7 SYSTEMPATH/CodeIgniter.php(520): CodeIgniter\CodeIgniter->runController(Object(App\Controllers\Home))
 8 SYSTEMPATH/CodeIgniter.php(363): CodeIgniter\CodeIgniter->handleRequest(null, Object(Config\Cache), false)
 9 SYSTEMPATH/Boot.php(417): CodeIgniter\CodeIgniter->run()
10 SYSTEMPATH/Boot.php(68): CodeIgniter\Boot::runCodeIgniter(Object(CodeIgniter\CodeIgniter))
11 FCPATH/index.php(59): CodeIgniter\Boot::bootWeb(Object(Config\Paths))
CRITICAL - 2026-09-17 18:08:08 --> ErrorException: Undefined variable $users
[Method: GET, Route: testUser/1]
in APPPATH/Views/testUser.php on line 14.
 1 APPPATH/Views/testUser.php(14): CodeIgniter\Debug\Exceptions->errorHandler(2, 'Undefined variable $users', '/Applications/MAMP/htdocs/Escrow/app/Views/testUser.php', 14)
 2 SYSTEMPATH/View/View.php(240): include('/Applications/MAMP/htdocs/Escrow/app/Views/testUser.php')
 3 SYSTEMPATH/View/View.php(243): CodeIgniter\View\View->CodeIgniter\View\{closure}()
 4 SYSTEMPATH/Common.php(1268): CodeIgniter\View\View->render('testUser', [], true)
 5 APPPATH/Controllers/Home.php(19): view('testUser', [...])
 6 SYSTEMPATH/CodeIgniter.php(974): App\Controllers\Home->testUser('1')
 7 SYSTEMPATH/CodeIgniter.php(520): CodeIgniter\CodeIgniter->runController(Object(App\Controllers\Home))
 8 SYSTEMPATH/CodeIgniter.php(363): CodeIgniter\CodeIgniter->handleRequest(null, Object(Config\Cache), false)
 9 SYSTEMPATH/Boot.php(417): CodeIgniter\CodeIgniter->run()
10 SYSTEMPATH/Boot.php(68): CodeIgniter\Boot::runCodeIgniter(Object(CodeIgniter\CodeIgniter))
11 FCPATH/index.php(59): CodeIgniter\Boot::bootWeb(Object(Config\Paths))
CRITICAL - 2026-09-17 18:08:50 --> ErrorException: Undefined variable $users
[Method: GET, Route: testUser/1]
in APPPATH/Views/testUser.php on line 14.
 1 APPPATH/Views/testUser.php(14): CodeIgniter\Debug\Exceptions->errorHandler(2, 'Undefined variable $users', '/Applications/MAMP/htdocs/Escrow/app/Views/testUser.php', 14)
 2 SYSTEMPATH/View/View.php(240): include('/Applications/MAMP/htdocs/Escrow/app/Views/testUser.php')
 3 SYSTEMPATH/View/View.php(243): CodeIgniter\View\View->CodeIgniter\View\{closure}()
 4 SYSTEMPATH/Common.php(1268): CodeIgniter\View\View->render('testUser', [], true)
 5 APPPATH/Controllers/Home.php(19): view('testUser')
 6 SYSTEMPATH/CodeIgniter.php(974): App\Controllers\Home->testUser('1')
 7 SYSTEMPATH/CodeIgniter.php(520): CodeIgniter\CodeIgniter->runController(Object(App\Controllers\Home))
 8 SYSTEMPATH/CodeIgniter.php(363): CodeIgniter\CodeIgniter->handleRequest(null, Object(Config\Cache), false)
 9 SYSTEMPATH/Boot.php(417): CodeIgniter\CodeIgniter->run()
10 SYSTEMPATH/Boot.php(68): CodeIgniter\Boot::runCodeIgniter(Object(CodeIgniter\CodeIgniter))
11 FCPATH/index.php(59): CodeIgniter\Boot::bootWeb(Object(Config\Paths))
CRITICAL - 2026-09-17 18:08:50 --> ErrorException: Undefined variable $users
[Method: GET, Route: testUser/1]
in APPPATH/Views/testUser.php on line 14.
 1 APPPATH/Views/testUser.php(14): CodeIgniter\Debug\Exceptions->errorHandler(2, 'Undefined variable $users', '/Applications/MAMP/htdocs/Escrow/app/Views/testUser.php', 14)
 2 SYSTEMPATH/View/View.php(240): include('/Applications/MAMP/htdocs/Escrow/app/Views/testUser.php')
 3 SYSTEMPATH/View/View.php(243): CodeIgniter\View\View->CodeIgniter\View\{closure}()
 4 SYSTEMPATH/Common.php(1268): CodeIgniter\View\View->render('testUser', [], true)
 5 APPPATH/Controllers/Home.php(19): view('testUser')
 6 SYSTEMPATH/CodeIgniter.php(974): App\Controllers\Home->testUser('1')
 7 SYSTEMPATH/CodeIgniter.php(520): CodeIgniter\CodeIgniter->runController(Object(App\Controllers\Home))
 8 SYSTEMPATH/CodeIgniter.php(363): CodeIgniter\CodeIgniter->handleRequest(null, Object(Config\Cache), false)
 9 SYSTEMPATH/Boot.php(417): CodeIgniter\CodeIgniter->run()
10 SYSTEMPATH/Boot.php(68): CodeIgniter\Boot::runCodeIgniter(Object(CodeIgniter\CodeIgniter))
11 FCPATH/index.php(59): CodeIgniter\Boot::bootWeb(Object(Config\Paths))
CRITICAL - 2026-09-17 18:08:55 --> ErrorException: Undefined variable $users
[Method: GET, Route: /]
in APPPATH/Views/home.php on line 14.
 1 APPPATH/Views/home.php(14): CodeIgniter\Debug\Exceptions->errorHandler(2, 'Undefined variable $users', '/Applications/MAMP/htdocs/Escrow/app/Views/home.php', 14)
 2 SYSTEMPATH/View/View.php(240): include('/Applications/MAMP/htdocs/Escrow/app/Views/home.php')
 3 SYSTEMPATH/View/View.php(243): CodeIgniter\View\View->CodeIgniter\View\{closure}()
 4 SYSTEMPATH/Common.php(1268): CodeIgniter\View\View->render('home', [], true)
 5 APPPATH/Controllers/Home.php(13): view('home', [...])
 6 SYSTEMPATH/CodeIgniter.php(974): App\Controllers\Home->index()
 7 SYSTEMPATH/CodeIgniter.php(520): CodeIgniter\CodeIgniter->runController(Object(App\Controllers\Home))
 8 SYSTEMPATH/CodeIgniter.php(363): CodeIgniter\CodeIgniter->handleRequest(null, Object(Config\Cache), false)
 9 SYSTEMPATH/Boot.php(417): CodeIgniter\CodeIgniter->run()
10 SYSTEMPATH/Boot.php(68): CodeIgniter\Boot::runCodeIgniter(Object(CodeIgniter\CodeIgniter))
11 FCPATH/index.php(59): CodeIgniter\Boot::bootWeb(Object(Config\Paths))
CRITICAL - 2026-09-17 18:08:56 --> ErrorException: Undefined variable $users
[Method: GET, Route: /]
in APPPATH/Views/home.php on line 14.
 1 APPPATH/Views/home.php(14): CodeIgniter\Debug\Exceptions->errorHandler(2, 'Undefined variable $users', '/Applications/MAMP/htdocs/Escrow/app/Views/home.php', 14)
 2 SYSTEMPATH/View/View.php(240): include('/Applications/MAMP/htdocs/Escrow/app/Views/home.php')
 3 SYSTEMPATH/View/View.php(243): CodeIgniter\View\View->CodeIgniter\View\{closure}()
 4 SYSTEMPATH/Common.php(1268): CodeIgniter\View\View->render('home', [], true)
 5 APPPATH/Controllers/Home.php(13): view('home', [...])
 6 SYSTEMPATH/CodeIgniter.php(974): App\Controllers\Home->index()
 7 SYSTEMPATH/CodeIgniter.php(520): CodeIgniter\CodeIgniter->runController(Object(App\Controllers\Home))
 8 SYSTEMPATH/CodeIgniter.php(363): CodeIgniter\CodeIgniter->handleRequest(null, Object(Config\Cache), false)
 9 SYSTEMPATH/Boot.php(417): CodeIgniter\CodeIgniter->run()
10 SYSTEMPATH/Boot.php(68): CodeIgniter\Boot::runCodeIgniter(Object(CodeIgniter\CodeIgniter))
11 FCPATH/index.php(59): CodeIgniter\Boot::bootWeb(Object(Config\Paths))
CRITICAL - 2026-09-17 18:08:57 --> ErrorException: Undefined variable $users
[Method: GET, Route: /]
in APPPATH/Views/home.php on line 14.
 1 APPPATH/Views/home.php(14): CodeIgniter\Debug\Exceptions->errorHandler(2, 'Undefined variable $users', '/Applications/MAMP/htdocs/Escrow/app/Views/home.php', 14)
 2 SYSTEMPATH/View/View.php(240): include('/Applications/MAMP/htdocs/Escrow/app/Views/home.php')
 3 SYSTEMPATH/View/View.php(243): CodeIgniter\View\View->CodeIgniter\View\{closure}()
 4 SYSTEMPATH/Common.php(1268): CodeIgniter\View\View->render('home', [], true)
 5 APPPATH/Controllers/Home.php(13): view('home', [...])
 6 SYSTEMPATH/CodeIgniter.php(974): App\Controllers\Home->index()
 7 SYSTEMPATH/CodeIgniter.php(520): CodeIgniter\CodeIgniter->runController(Object(App\Controllers\Home))
 8 SYSTEMPATH/CodeIgniter.php(363): CodeIgniter\CodeIgniter->handleRequest(null, Object(Config\Cache), false)
 9 SYSTEMPATH/Boot.php(417): CodeIgniter\CodeIgniter->run()
10 SYSTEMPATH/Boot.php(68): CodeIgniter\Boot::runCodeIgniter(Object(CodeIgniter\CodeIgniter))
11 FCPATH/index.php(59): CodeIgniter\Boot::bootWeb(Object(Config\Paths))
CRITICAL - 2026-09-17 18:08:57 --> ErrorException: Undefined variable $users
[Method: GET, Route: /]
in APPPATH/Views/home.php on line 14.
 1 APPPATH/Views/home.php(14): CodeIgniter\Debug\Exceptions->errorHandler(2, 'Undefined variable $users', '/Applications/MAMP/htdocs/Escrow/app/Views/home.php', 14)
 2 SYSTEMPATH/View/View.php(240): include('/Applications/MAMP/htdocs/Escrow/app/Views/home.php')
 3 SYSTEMPATH/View/View.php(243): CodeIgniter\View\View->CodeIgniter\View\{closure}()
 4 SYSTEMPATH/Common.php(1268): CodeIgniter\View\View->render('home', [], true)
 5 APPPATH/Controllers/Home.php(13): view('home', [...])
 6 SYSTEMPATH/CodeIgniter.php(974): App\Controllers\Home->index()
 7 SYSTEMPATH/CodeIgniter.php(520): CodeIgniter\CodeIgniter->runController(Object(App\Controllers\Home))
 8 SYSTEMPATH/CodeIgniter.php(363): CodeIgniter\CodeIgniter->handleRequest(null, Object(Config\Cache), false)
 9 SYSTEMPATH/Boot.php(417): CodeIgniter\CodeIgniter->run()
10 SYSTEMPATH/Boot.php(68): CodeIgniter\Boot::runCodeIgniter(Object(CodeIgniter\CodeIgniter))
11 FCPATH/index.php(59): CodeIgniter\Boot::bootWeb(Object(Config\Paths))
CRITICAL - 2026-09-17 18:08:57 --> ErrorException: Undefined variable $users
[Method: GET, Route: /]
in APPPATH/Views/home.php on line 14.
 1 APPPATH/Views/home.php(14): CodeIgniter\Debug\Exceptions->errorHandler(2, 'Undefined variable $users', '/Applications/MAMP/htdocs/Escrow/app/Views/home.php', 14)
 2 SYSTEMPATH/View/View.php(240): include('/Applications/MAMP/htdocs/Escrow/app/Views/home.php')
 3 SYSTEMPATH/View/View.php(243): CodeIgniter\View\View->CodeIgniter\View\{closure}()
 4 SYSTEMPATH/Common.php(1268): CodeIgniter\View\View->render('home', [], true)
 5 APPPATH/Controllers/Home.php(13): view('home', [...])
 6 SYSTEMPATH/CodeIgniter.php(974): App\Controllers\Home->index()
 7 SYSTEMPATH/CodeIgniter.php(520): CodeIgniter\CodeIgniter->runController(Object(App\Controllers\Home))
 8 SYSTEMPATH/CodeIgniter.php(363): CodeIgniter\CodeIgniter->handleRequest(null, Object(Config\Cache), false)
 9 SYSTEMPATH/Boot.php(417): CodeIgniter\CodeIgniter->run()
10 SYSTEMPATH/Boot.php(68): CodeIgniter\Boot::runCodeIgniter(Object(CodeIgniter\CodeIgniter))
11 FCPATH/index.php(59): CodeIgniter\Boot::bootWeb(Object(Config\Paths))
CRITICAL - 2026-09-17 18:08:57 --> ErrorException: Undefined variable $users
[Method: GET, Route: /]
in APPPATH/Views/home.php on line 14.
 1 APPPATH/Views/home.php(14): CodeIgniter\Debug\Exceptions->errorHandler(2, 'Undefined variable $users', '/Applications/MAMP/htdocs/Escrow/app/Views/home.php', 14)
 2 SYSTEMPATH/View/View.php(240): include('/Applications/MAMP/htdocs/Escrow/app/Views/home.php')
 3 SYSTEMPATH/View/View.php(243): CodeIgniter\View\View->CodeIgniter\View\{closure}()
 4 SYSTEMPATH/Common.php(1268): CodeIgniter\View\View->render('home', [], true)
 5 APPPATH/Controllers/Home.php(13): view('home', [...])
 6 SYSTEMPATH/CodeIgniter.php(974): App\Controllers\Home->index()
 7 SYSTEMPATH/CodeIgniter.php(520): CodeIgniter\CodeIgniter->runController(Object(App\Controllers\Home))
 8 SYSTEMPATH/CodeIgniter.php(363): CodeIgniter\CodeIgniter->handleRequest(null, Object(Config\Cache), false)
 9 SYSTEMPATH/Boot.php(417): CodeIgniter\CodeIgniter->run()
10 SYSTEMPATH/Boot.php(68): CodeIgniter\Boot::runCodeIgniter(Object(CodeIgniter\CodeIgniter))
11 FCPATH/index.php(59): CodeIgniter\Boot::bootWeb(Object(Config\Paths))
CRITICAL - 2026-09-17 18:08:57 --> ErrorException: Undefined variable $users
[Method: GET, Route: /]
in APPPATH/Views/home.php on line 14.
 1 APPPATH/Views/home.php(14): CodeIgniter\Debug\Exceptions->errorHandler(2, 'Undefined variable $users', '/Applications/MAMP/htdocs/Escrow/app/Views/home.php', 14)
 2 SYSTEMPATH/View/View.php(240): include('/Applications/MAMP/htdocs/Escrow/app/Views/home.php')
 3 SYSTEMPATH/View/View.php(243): CodeIgniter\View\View->CodeIgniter\View\{closure}()
 4 SYSTEMPATH/Common.php(1268): CodeIgniter\View\View->render('home', [], true)
 5 APPPATH/Controllers/Home.php(13): view('home', [...])
 6 SYSTEMPATH/CodeIgniter.php(974): App\Controllers\Home->index()
 7 SYSTEMPATH/CodeIgniter.php(520): CodeIgniter\CodeIgniter->runController(Object(App\Controllers\Home))
 8 SYSTEMPATH/CodeIgniter.php(363): CodeIgniter\CodeIgniter->handleRequest(null, Object(Config\Cache), false)
 9 SYSTEMPATH/Boot.php(417): CodeIgniter\CodeIgniter->run()
10 SYSTEMPATH/Boot.php(68): CodeIgniter\Boot::runCodeIgniter(Object(CodeIgniter\CodeIgniter))
11 FCPATH/index.php(59): CodeIgniter\Boot::bootWeb(Object(Config\Paths))
CRITICAL - 2026-09-17 18:09:07 --> ErrorException: Undefined variable $users
[Method: GET, Route: /]
in APPPATH/Views/home.php on line 14.
 1 APPPATH/Views/home.php(14): CodeIgniter\Debug\Exceptions->errorHandler(2, 'Undefined variable $users', '/Applications/MAMP/htdocs/Escrow/app/Views/home.php', 14)
 2 SYSTEMPATH/View/View.php(240): include('/Applications/MAMP/htdocs/Escrow/app/Views/home.php')
 3 SYSTEMPATH/View/View.php(243): CodeIgniter\View\View->CodeIgniter\View\{closure}()
 4 SYSTEMPATH/Common.php(1268): CodeIgniter\View\View->render('home', [], true)
 5 APPPATH/Controllers/Home.php(11): view('home')
 6 SYSTEMPATH/CodeIgniter.php(974): App\Controllers\Home->index()
 7 SYSTEMPATH/CodeIgniter.php(520): CodeIgniter\CodeIgniter->runController(Object(App\Controllers\Home))
 8 SYSTEMPATH/CodeIgniter.php(363): CodeIgniter\CodeIgniter->handleRequest(null, Object(Config\Cache), false)
 9 SYSTEMPATH/Boot.php(417): CodeIgniter\CodeIgniter->run()
10 SYSTEMPATH/Boot.php(68): CodeIgniter\Boot::runCodeIgniter(Object(CodeIgniter\CodeIgniter))
11 FCPATH/index.php(59): CodeIgniter\Boot::bootWeb(Object(Config\Paths))
CRITICAL - 2026-09-17 18:09:07 --> ErrorException: Undefined variable $users
[Method: GET, Route: /]
in APPPATH/Views/home.php on line 14.
 1 APPPATH/Views/home.php(14): CodeIgniter\Debug\Exceptions->errorHandler(2, 'Undefined variable $users', '/Applications/MAMP/htdocs/Escrow/app/Views/home.php', 14)
 2 SYSTEMPATH/View/View.php(240): include('/Applications/MAMP/htdocs/Escrow/app/Views/home.php')
 3 SYSTEMPATH/View/View.php(243): CodeIgniter\View\View->CodeIgniter\View\{closure}()
 4 SYSTEMPATH/Common.php(1268): CodeIgniter\View\View->render('home', [], true)
 5 APPPATH/Controllers/Home.php(11): view('home')
 6 SYSTEMPATH/CodeIgniter.php(974): App\Controllers\Home->index()
 7 SYSTEMPATH/CodeIgniter.php(520): CodeIgniter\CodeIgniter->runController(Object(App\Controllers\Home))
 8 SYSTEMPATH/CodeIgniter.php(363): CodeIgniter\CodeIgniter->handleRequest(null, Object(Config\Cache), false)
 9 SYSTEMPATH/Boot.php(417): CodeIgniter\CodeIgniter->run()
10 SYSTEMPATH/Boot.php(68): CodeIgniter\Boot::runCodeIgniter(Object(CodeIgniter\CodeIgniter))
11 FCPATH/index.php(59): CodeIgniter\Boot::bootWeb(Object(Config\Paths))
CRITICAL - 2026-09-17 18:09:07 --> ErrorException: Undefined variable $users
[Method: GET, Route: /]
in APPPATH/Views/home.php on line 14.
 1 APPPATH/Views/home.php(14): CodeIgniter\Debug\Exceptions->errorHandler(2, 'Undefined variable $users', '/Applications/MAMP/htdocs/Escrow/app/Views/home.php', 14)
 2 SYSTEMPATH/View/View.php(240): include('/Applications/MAMP/htdocs/Escrow/app/Views/home.php')
 3 SYSTEMPATH/View/View.php(243): CodeIgniter\View\View->CodeIgniter\View\{closure}()
 4 SYSTEMPATH/Common.php(1268): CodeIgniter\View\View->render('home', [], true)
 5 APPPATH/Controllers/Home.php(11): view('home')
 6 SYSTEMPATH/CodeIgniter.php(974): App\Controllers\Home->index()
 7 SYSTEMPATH/CodeIgniter.php(520): CodeIgniter\CodeIgniter->runController(Object(App\Controllers\Home))
 8 SYSTEMPATH/CodeIgniter.php(363): CodeIgniter\CodeIgniter->handleRequest(null, Object(Config\Cache), false)
 9 SYSTEMPATH/Boot.php(417): CodeIgniter\CodeIgniter->run()
10 SYSTEMPATH/Boot.php(68): CodeIgniter\Boot::runCodeIgniter(Object(CodeIgniter\CodeIgniter))
11 FCPATH/index.php(59): CodeIgniter\Boot::bootWeb(Object(Config\Paths))
CRITICAL - 2026-09-17 18:09:15 --> ErrorException: Undefined variable $users
[Method: GET, Route: /]
in APPPATH/Views/home.php on line 14.
 1 APPPATH/Views/home.php(14): CodeIgniter\Debug\Exceptions->errorHandler(2, 'Undefined variable $users', '/Applications/MAMP/htdocs/Escrow/app/Views/home.php', 14)
 2 SYSTEMPATH/View/View.php(240): include('/Applications/MAMP/htdocs/Escrow/app/Views/home.php')
 3 SYSTEMPATH/View/View.php(243): CodeIgniter\View\View->CodeIgniter\View\{closure}()
 4 SYSTEMPATH/Common.php(1268): CodeIgniter\View\View->render('home', [], true)
 5 APPPATH/Controllers/Home.php(11): view('home')
 6 SYSTEMPATH/CodeIgniter.php(974): App\Controllers\Home->index()
 7 SYSTEMPATH/CodeIgniter.php(520): CodeIgniter\CodeIgniter->runController(Object(App\Controllers\Home))
 8 SYSTEMPATH/CodeIgniter.php(363): CodeIgniter\CodeIgniter->handleRequest(null, Object(Config\Cache), false)
 9 SYSTEMPATH/Boot.php(417): CodeIgniter\CodeIgniter->run()
10 SYSTEMPATH/Boot.php(68): CodeIgniter\Boot::runCodeIgniter(Object(CodeIgniter\CodeIgniter))
11 FCPATH/index.php(59): CodeIgniter\Boot::bootWeb(Object(Config\Paths))
CRITICAL - 2026-09-17 18:09:15 --> ErrorException: Undefined variable $users
[Method: GET, Route: /]
in APPPATH/Views/home.php on line 14.
 1 APPPATH/Views/home.php(14): CodeIgniter\Debug\Exceptions->errorHandler(2, 'Undefined variable $users', '/Applications/MAMP/htdocs/Escrow/app/Views/home.php', 14)
 2 SYSTEMPATH/View/View.php(240): include('/Applications/MAMP/htdocs/Escrow/app/Views/home.php')
 3 SYSTEMPATH/View/View.php(243): CodeIgniter\View\View->CodeIgniter\View\{closure}()
 4 SYSTEMPATH/Common.php(1268): CodeIgniter\View\View->render('home', [], true)
 5 APPPATH/Controllers/Home.php(11): view('home')
 6 SYSTEMPATH/CodeIgniter.php(974): App\Controllers\Home->index()
 7 SYSTEMPATH/CodeIgniter.php(520): CodeIgniter\CodeIgniter->runController(Object(App\Controllers\Home))
 8 SYSTEMPATH/CodeIgniter.php(363): CodeIgniter\CodeIgniter->handleRequest(null, Object(Config\Cache), false)
 9 SYSTEMPATH/Boot.php(417): CodeIgniter\CodeIgniter->run()
10 SYSTEMPATH/Boot.php(68): CodeIgniter\Boot::runCodeIgniter(Object(CodeIgniter\CodeIgniter))
11 FCPATH/index.php(59): CodeIgniter\Boot::bootWeb(Object(Config\Paths))
CRITICAL - 2026-09-17 18:09:16 --> ErrorException: Undefined variable $users
[Method: GET, Route: /]
in APPPATH/Views/home.php on line 14.
 1 APPPATH/Views/home.php(14): CodeIgniter\Debug\Exceptions->errorHandler(2, 'Undefined variable $users', '/Applications/MAMP/htdocs/Escrow/app/Views/home.php', 14)
 2 SYSTEMPATH/View/View.php(240): include('/Applications/MAMP/htdocs/Escrow/app/Views/home.php')
 3 SYSTEMPATH/View/View.php(243): CodeIgniter\View\View->CodeIgniter\View\{closure}()
 4 SYSTEMPATH/Common.php(1268): CodeIgniter\View\View->render('home', [], true)
 5 APPPATH/Controllers/Home.php(11): view('home')
 6 SYSTEMPATH/CodeIgniter.php(974): App\Controllers\Home->index()
 7 SYSTEMPATH/CodeIgniter.php(520): CodeIgniter\CodeIgniter->runController(Object(App\Controllers\Home))
 8 SYSTEMPATH/CodeIgniter.php(363): CodeIgniter\CodeIgniter->handleRequest(null, Object(Config\Cache), false)
 9 SYSTEMPATH/Boot.php(417): CodeIgniter\CodeIgniter->run()
10 SYSTEMPATH/Boot.php(68): CodeIgniter\Boot::runCodeIgniter(Object(CodeIgniter\CodeIgniter))
11 FCPATH/index.php(59): CodeIgniter\Boot::bootWeb(Object(Config\Paths))
CRITICAL - 2026-09-17 18:09:16 --> ErrorException: Undefined variable $users
[Method: GET, Route: /]
in APPPATH/Views/home.php on line 14.
 1 APPPATH/Views/home.php(14): CodeIgniter\Debug\Exceptions->errorHandler(2, 'Undefined variable $users', '/Applications/MAMP/htdocs/Escrow/app/Views/home.php', 14)
 2 SYSTEMPATH/View/View.php(240): include('/Applications/MAMP/htdocs/Escrow/app/Views/home.php')
 3 SYSTEMPATH/View/View.php(243): CodeIgniter\View\View->CodeIgniter\View\{closure}()
 4 SYSTEMPATH/Common.php(1268): CodeIgniter\View\View->render('home', [], true)
 5 APPPATH/Controllers/Home.php(11): view('home')
 6 SYSTEMPATH/CodeIgniter.php(974): App\Controllers\Home->index()
 7 SYSTEMPATH/CodeIgniter.php(520): CodeIgniter\CodeIgniter->runController(Object(App\Controllers\Home))
 8 SYSTEMPATH/CodeIgniter.php(363): CodeIgniter\CodeIgniter->handleRequest(null, Object(Config\Cache), false)
 9 SYSTEMPATH/Boot.php(417): CodeIgniter\CodeIgniter->run()
10 SYSTEMPATH/Boot.php(68): CodeIgniter\Boot::runCodeIgniter(Object(CodeIgniter\CodeIgniter))
11 FCPATH/index.php(59): CodeIgniter\Boot::bootWeb(Object(Config\Paths))
CRITICAL - 2026-09-17 18:09:16 --> ErrorException: Undefined variable $users
[Method: GET, Route: /]
in APPPATH/Views/home.php on line 14.
 1 APPPATH/Views/home.php(14): CodeIgniter\Debug\Exceptions->errorHandler(2, 'Undefined variable $users', '/Applications/MAMP/htdocs/Escrow/app/Views/home.php', 14)
 2 SYSTEMPATH/View/View.php(240): include('/Applications/MAMP/htdocs/Escrow/app/Views/home.php')
 3 SYSTEMPATH/View/View.php(243): CodeIgniter\View\View->CodeIgniter\View\{closure}()
 4 SYSTEMPATH/Common.php(1268): CodeIgniter\View\View->render('home', [], true)
 5 APPPATH/Controllers/Home.php(11): view('home')
 6 SYSTEMPATH/CodeIgniter.php(974): App\Controllers\Home->index()
 7 SYSTEMPATH/CodeIgniter.php(520): CodeIgniter\CodeIgniter->runController(Object(App\Controllers\Home))
 8 SYSTEMPATH/CodeIgniter.php(363): CodeIgniter\CodeIgniter->handleRequest(null, Object(Config\Cache), false)
 9 SYSTEMPATH/Boot.php(417): CodeIgniter\CodeIgniter->run()
10 SYSTEMPATH/Boot.php(68): CodeIgniter\Boot::runCodeIgniter(Object(CodeIgniter\CodeIgniter))
11 FCPATH/index.php(59): CodeIgniter\Boot::bootWeb(Object(Config\Paths))
CRITICAL - 2026-09-17 18:09:16 --> ErrorException: Undefined variable $users
[Method: GET, Route: /]
in APPPATH/Views/home.php on line 14.
 1 APPPATH/Views/home.php(14): CodeIgniter\Debug\Exceptions->errorHandler(2, 'Undefined variable $users', '/Applications/MAMP/htdocs/Escrow/app/Views/home.php', 14)
 2 SYSTEMPATH/View/View.php(240): include('/Applications/MAMP/htdocs/Escrow/app/Views/home.php')
 3 SYSTEMPATH/View/View.php(243): CodeIgniter\View\View->CodeIgniter\View\{closure}()
 4 SYSTEMPATH/Common.php(1268): CodeIgniter\View\View->render('home', [], true)
 5 APPPATH/Controllers/Home.php(11): view('home')
 6 SYSTEMPATH/CodeIgniter.php(974): App\Controllers\Home->index()
 7 SYSTEMPATH/CodeIgniter.php(520): CodeIgniter\CodeIgniter->runController(Object(App\Controllers\Home))
 8 SYSTEMPATH/CodeIgniter.php(363): CodeIgniter\CodeIgniter->handleRequest(null, Object(Config\Cache), false)
 9 SYSTEMPATH/Boot.php(417): CodeIgniter\CodeIgniter->run()
10 SYSTEMPATH/Boot.php(68): CodeIgniter\Boot::runCodeIgniter(Object(CodeIgniter\CodeIgniter))
11 FCPATH/index.php(59): CodeIgniter\Boot::bootWeb(Object(Config\Paths))
CRITICAL - 2026-09-17 18:09:16 --> ErrorException: Undefined variable $users
[Method: GET, Route: /]
in APPPATH/Views/home.php on line 14.
 1 APPPATH/Views/home.php(14): CodeIgniter\Debug\Exceptions->errorHandler(2, 'Undefined variable $users', '/Applications/MAMP/htdocs/Escrow/app/Views/home.php', 14)
 2 SYSTEMPATH/View/View.php(240): include('/Applications/MAMP/htdocs/Escrow/app/Views/home.php')
 3 SYSTEMPATH/View/View.php(243): CodeIgniter\View\View->CodeIgniter\View\{closure}()
 4 SYSTEMPATH/Common.php(1268): CodeIgniter\View\View->render('home', [], true)
 5 APPPATH/Controllers/Home.php(11): view('home')
 6 SYSTEMPATH/CodeIgniter.php(974): App\Controllers\Home->index()
 7 SYSTEMPATH/CodeIgniter.php(520): CodeIgniter\CodeIgniter->runController(Object(App\Controllers\Home))
 8 SYSTEMPATH/CodeIgniter.php(363): CodeIgniter\CodeIgniter->handleRequest(null, Object(Config\Cache), false)
 9 SYSTEMPATH/Boot.php(417): CodeIgniter\CodeIgniter->run()
10 SYSTEMPATH/Boot.php(68): CodeIgniter\Boot::runCodeIgniter(Object(CodeIgniter\CodeIgniter))
11 FCPATH/index.php(59): CodeIgniter\Boot::bootWeb(Object(Config\Paths))
CRITICAL - 2026-09-17 18:09:16 --> ErrorException: Undefined variable $users
[Method: GET, Route: /]
in APPPATH/Views/home.php on line 14.
 1 APPPATH/Views/home.php(14): CodeIgniter\Debug\Exceptions->errorHandler(2, 'Undefined variable $users', '/Applications/MAMP/htdocs/Escrow/app/Views/home.php', 14)
 2 SYSTEMPATH/View/View.php(240): include('/Applications/MAMP/htdocs/Escrow/app/Views/home.php')
 3 SYSTEMPATH/View/View.php(243): CodeIgniter\View\View->CodeIgniter\View\{closure}()
 4 SYSTEMPATH/Common.php(1268): CodeIgniter\View\View->render('home', [], true)
 5 APPPATH/Controllers/Home.php(11): view('home')
 6 SYSTEMPATH/CodeIgniter.php(974): App\Controllers\Home->index()
 7 SYSTEMPATH/CodeIgniter.php(520): CodeIgniter\CodeIgniter->runController(Object(App\Controllers\Home))
 8 SYSTEMPATH/CodeIgniter.php(363): CodeIgniter\CodeIgniter->handleRequest(null, Object(Config\Cache), false)
 9 SYSTEMPATH/Boot.php(417): CodeIgniter\CodeIgniter->run()
10 SYSTEMPATH/Boot.php(68): CodeIgniter\Boot::runCodeIgniter(Object(CodeIgniter\CodeIgniter))
11 FCPATH/index.php(59): CodeIgniter\Boot::bootWeb(Object(Config\Paths))
CRITICAL - 2026-09-17 18:09:17 --> ErrorException: Undefined variable $users
[Method: GET, Route: /]
in APPPATH/Views/home.php on line 14.
 1 APPPATH/Views/home.php(14): CodeIgniter\Debug\Exceptions->errorHandler(2, 'Undefined variable $users', '/Applications/MAMP/htdocs/Escrow/app/Views/home.php', 14)
 2 SYSTEMPATH/View/View.php(240): include('/Applications/MAMP/htdocs/Escrow/app/Views/home.php')
 3 SYSTEMPATH/View/View.php(243): CodeIgniter\View\View->CodeIgniter\View\{closure}()
 4 SYSTEMPATH/Common.php(1268): CodeIgniter\View\View->render('home', [], true)
 5 APPPATH/Controllers/Home.php(11): view('home')
 6 SYSTEMPATH/CodeIgniter.php(974): App\Controllers\Home->index()
 7 SYSTEMPATH/CodeIgniter.php(520): CodeIgniter\CodeIgniter->runController(Object(App\Controllers\Home))
 8 SYSTEMPATH/CodeIgniter.php(363): CodeIgniter\CodeIgniter->handleRequest(null, Object(Config\Cache), false)
 9 SYSTEMPATH/Boot.php(417): CodeIgniter\CodeIgniter->run()
10 SYSTEMPATH/Boot.php(68): CodeIgniter\Boot::runCodeIgniter(Object(CodeIgniter\CodeIgniter))
11 FCPATH/index.php(59): CodeIgniter\Boot::bootWeb(Object(Config\Paths))
CRITICAL - 2026-09-17 18:09:17 --> ErrorException: Undefined variable $users
[Method: GET, Route: /]
in APPPATH/Views/home.php on line 14.
 1 APPPATH/Views/home.php(14): CodeIgniter\Debug\Exceptions->errorHandler(2, 'Undefined variable $users', '/Applications/MAMP/htdocs/Escrow/app/Views/home.php', 14)
 2 SYSTEMPATH/View/View.php(240): include('/Applications/MAMP/htdocs/Escrow/app/Views/home.php')
 3 SYSTEMPATH/View/View.php(243): CodeIgniter\View\View->CodeIgniter\View\{closure}()
 4 SYSTEMPATH/Common.php(1268): CodeIgniter\View\View->render('home', [], true)
 5 APPPATH/Controllers/Home.php(11): view('home')
 6 SYSTEMPATH/CodeIgniter.php(974): App\Controllers\Home->index()
 7 SYSTEMPATH/CodeIgniter.php(520): CodeIgniter\CodeIgniter->runController(Object(App\Controllers\Home))
 8 SYSTEMPATH/CodeIgniter.php(363): CodeIgniter\CodeIgniter->handleRequest(null, Object(Config\Cache), false)
 9 SYSTEMPATH/Boot.php(417): CodeIgniter\CodeIgniter->run()
10 SYSTEMPATH/Boot.php(68): CodeIgniter\Boot::runCodeIgniter(Object(CodeIgniter\CodeIgniter))
11 FCPATH/index.php(59): CodeIgniter\Boot::bootWeb(Object(Config\Paths))
CRITICAL - 2026-09-17 18:18:19 --> ErrorException: Attempt to read property "id" on array
[Method: GET, Route: /]
in APPPATH/Views/home.php on line 16.
 1 APPPATH/Views/home.php(16): CodeIgniter\Debug\Exceptions->errorHandler(2, 'Attempt to read property "id" on array', '/Applications/MAMP/htdocs/Escrow/app/Views/home.php', 16)
 2 SYSTEMPATH/View/View.php(240): include('/Applications/MAMP/htdocs/Escrow/app/Views/home.php')
 3 SYSTEMPATH/View/View.php(243): CodeIgniter\View\View->CodeIgniter\View\{closure}()
 4 SYSTEMPATH/Common.php(1268): CodeIgniter\View\View->render('home', [], true)
 5 APPPATH/Controllers/Home.php(13): view('home', [...])
 6 SYSTEMPATH/CodeIgniter.php(974): App\Controllers\Home->index()
 7 SYSTEMPATH/CodeIgniter.php(520): CodeIgniter\CodeIgniter->runController(Object(App\Controllers\Home))
 8 SYSTEMPATH/CodeIgniter.php(363): CodeIgniter\CodeIgniter->handleRequest(null, Object(Config\Cache), false)
 9 SYSTEMPATH/Boot.php(417): CodeIgniter\CodeIgniter->run()
10 SYSTEMPATH/Boot.php(68): CodeIgniter\Boot::runCodeIgniter(Object(CodeIgniter\CodeIgniter))
11 FCPATH/index.php(59): CodeIgniter\Boot::bootWeb(Object(Config\Paths))
CRITICAL - 2026-09-17 18:18:20 --> ErrorException: Attempt to read property "id" on array
[Method: GET, Route: /]
in APPPATH/Views/home.php on line 16.
 1 APPPATH/Views/home.php(16): CodeIgniter\Debug\Exceptions->errorHandler(2, 'Attempt to read property "id" on array', '/Applications/MAMP/htdocs/Escrow/app/Views/home.php', 16)
 2 SYSTEMPATH/View/View.php(240): include('/Applications/MAMP/htdocs/Escrow/app/Views/home.php')
 3 SYSTEMPATH/View/View.php(243): CodeIgniter\View\View->CodeIgniter\View\{closure}()
 4 SYSTEMPATH/Common.php(1268): CodeIgniter\View\View->render('home', [], true)
 5 APPPATH/Controllers/Home.php(13): view('home', [...])
 6 SYSTEMPATH/CodeIgniter.php(974): App\Controllers\Home->index()
 7 SYSTEMPATH/CodeIgniter.php(520): CodeIgniter\CodeIgniter->runController(Object(App\Controllers\Home))
 8 SYSTEMPATH/CodeIgniter.php(363): CodeIgniter\CodeIgniter->handleRequest(null, Object(Config\Cache), false)
 9 SYSTEMPATH/Boot.php(417): CodeIgniter\CodeIgniter->run()
10 SYSTEMPATH/Boot.php(68): CodeIgniter\Boot::runCodeIgniter(Object(CodeIgniter\CodeIgniter))
11 FCPATH/index.php(59): CodeIgniter\Boot::bootWeb(Object(Config\Paths))
CRITICAL - 2026-09-17 18:18:20 --> ErrorException: Attempt to read property "id" on array
[Method: GET, Route: /]
in APPPATH/Views/home.php on line 16.
 1 APPPATH/Views/home.php(16): CodeIgniter\Debug\Exceptions->errorHandler(2, 'Attempt to read property "id" on array', '/Applications/MAMP/htdocs/Escrow/app/Views/home.php', 16)
 2 SYSTEMPATH/View/View.php(240): include('/Applications/MAMP/htdocs/Escrow/app/Views/home.php')
 3 SYSTEMPATH/View/View.php(243): CodeIgniter\View\View->CodeIgniter\View\{closure}()
 4 SYSTEMPATH/Common.php(1268): CodeIgniter\View\View->render('home', [], true)
 5 APPPATH/Controllers/Home.php(13): view('home', [...])
 6 SYSTEMPATH/CodeIgniter.php(974): App\Controllers\Home->index()
 7 SYSTEMPATH/CodeIgniter.php(520): CodeIgniter\CodeIgniter->runController(Object(App\Controllers\Home))
 8 SYSTEMPATH/CodeIgniter.php(363): CodeIgniter\CodeIgniter->handleRequest(null, Object(Config\Cache), false)
 9 SYSTEMPATH/Boot.php(417): CodeIgniter\CodeIgniter->run()
10 SYSTEMPATH/Boot.php(68): CodeIgniter\Boot::runCodeIgniter(Object(CodeIgniter\CodeIgniter))
11 FCPATH/index.php(59): CodeIgniter\Boot::bootWeb(Object(Config\Paths))
CRITICAL - 2026-09-17 18:18:20 --> ErrorException: Attempt to read property "id" on array
[Method: GET, Route: /]
in APPPATH/Views/home.php on line 16.
 1 APPPATH/Views/home.php(16): CodeIgniter\Debug\Exceptions->errorHandler(2, 'Attempt to read property "id" on array', '/Applications/MAMP/htdocs/Escrow/app/Views/home.php', 16)
 2 SYSTEMPATH/View/View.php(240): include('/Applications/MAMP/htdocs/Escrow/app/Views/home.php')
 3 SYSTEMPATH/View/View.php(243): CodeIgniter\View\View->CodeIgniter\View\{closure}()
 4 SYSTEMPATH/Common.php(1268): CodeIgniter\View\View->render('home', [], true)
 5 APPPATH/Controllers/Home.php(13): view('home', [...])
 6 SYSTEMPATH/CodeIgniter.php(974): App\Controllers\Home->index()
 7 SYSTEMPATH/CodeIgniter.php(520): CodeIgniter\CodeIgniter->runController(Object(App\Controllers\Home))
 8 SYSTEMPATH/CodeIgniter.php(363): CodeIgniter\CodeIgniter->handleRequest(null, Object(Config\Cache), false)
 9 SYSTEMPATH/Boot.php(417): CodeIgniter\CodeIgniter->run()
10 SYSTEMPATH/Boot.php(68): CodeIgniter\Boot::runCodeIgniter(Object(CodeIgniter\CodeIgniter))
11 FCPATH/index.php(59): CodeIgniter\Boot::bootWeb(Object(Config\Paths))
CRITICAL - 2026-09-17 18:18:20 --> ErrorException: Attempt to read property "id" on array
[Method: GET, Route: /]
in APPPATH/Views/home.php on line 16.
 1 APPPATH/Views/home.php(16): CodeIgniter\Debug\Exceptions->errorHandler(2, 'Attempt to read property "id" on array', '/Applications/MAMP/htdocs/Escrow/app/Views/home.php', 16)
 2 SYSTEMPATH/View/View.php(240): include('/Applications/MAMP/htdocs/Escrow/app/Views/home.php')
 3 SYSTEMPATH/View/View.php(243): CodeIgniter\View\View->CodeIgniter\View\{closure}()
 4 SYSTEMPATH/Common.php(1268): CodeIgniter\View\View->render('home', [], true)
 5 APPPATH/Controllers/Home.php(13): view('home', [...])
 6 SYSTEMPATH/CodeIgniter.php(974): App\Controllers\Home->index()
 7 SYSTEMPATH/CodeIgniter.php(520): CodeIgniter\CodeIgniter->runController(Object(App\Controllers\Home))
 8 SYSTEMPATH/CodeIgniter.php(363): CodeIgniter\CodeIgniter->handleRequest(null, Object(Config\Cache), false)
 9 SYSTEMPATH/Boot.php(417): CodeIgniter\CodeIgniter->run()
10 SYSTEMPATH/Boot.php(68): CodeIgniter\Boot::runCodeIgniter(Object(CodeIgniter\CodeIgniter))
11 FCPATH/index.php(59): CodeIgniter\Boot::bootWeb(Object(Config\Paths))
CRITICAL - 2026-09-17 18:34:44 --> ErrorException: Undefined variable $users
[Method: GET, Route: /]
in APPPATH/Controllers/Home.php on line 17.
 1 APPPATH/Controllers/Home.php(17): CodeIgniter\Debug\Exceptions->errorHandler(2, 'Undefined variable $users', '/Applications/MAMP/htdocs/Escrow/app/Controllers/Home.php', 17)
 2 SYSTEMPATH/CodeIgniter.php(974): App\Controllers\Home->index()
 3 SYSTEMPATH/CodeIgniter.php(520): CodeIgniter\CodeIgniter->runController(Object(App\Controllers\Home))
 4 SYSTEMPATH/CodeIgniter.php(363): CodeIgniter\CodeIgniter->handleRequest(null, Object(Config\Cache), false)
 5 SYSTEMPATH/Boot.php(417): CodeIgniter\CodeIgniter->run()
 6 SYSTEMPATH/Boot.php(68): CodeIgniter\Boot::runCodeIgniter(Object(CodeIgniter\CodeIgniter))
 7 FCPATH/index.php(59): CodeIgniter\Boot::bootWeb(Object(Config\Paths))
CRITICAL - 2026-09-17 18:34:44 --> ErrorException: Undefined variable $users
[Method: GET, Route: /]
in APPPATH/Controllers/Home.php on line 17.
 1 APPPATH/Controllers/Home.php(17): CodeIgniter\Debug\Exceptions->errorHandler(2, 'Undefined variable $users', '/Applications/MAMP/htdocs/Escrow/app/Controllers/Home.php', 17)
 2 SYSTEMPATH/CodeIgniter.php(974): App\Controllers\Home->index()
 3 SYSTEMPATH/CodeIgniter.php(520): CodeIgniter\CodeIgniter->runController(Object(App\Controllers\Home))
 4 SYSTEMPATH/CodeIgniter.php(363): CodeIgniter\CodeIgniter->handleRequest(null, Object(Config\Cache), false)
 5 SYSTEMPATH/Boot.php(417): CodeIgniter\CodeIgniter->run()
 6 SYSTEMPATH/Boot.php(68): CodeIgniter\Boot::runCodeIgniter(Object(CodeIgniter\CodeIgniter))
 7 FCPATH/index.php(59): CodeIgniter\Boot::bootWeb(Object(Config\Paths))
CRITICAL - 2026-09-17 18:34:51 --> ErrorException: Undefined variable $users
[Method: GET, Route: /]
in APPPATH/Controllers/Home.php on line 17.
 1 APPPATH/Controllers/Home.php(17): CodeIgniter\Debug\Exceptions->errorHandler(2, 'Undefined variable $users', '/Applications/MAMP/htdocs/Escrow/app/Controllers/Home.php', 17)
 2 SYSTEMPATH/CodeIgniter.php(974): App\Controllers\Home->index()
 3 SYSTEMPATH/CodeIgniter.php(520): CodeIgniter\CodeIgniter->runController(Object(App\Controllers\Home))
 4 SYSTEMPATH/CodeIgniter.php(363): CodeIgniter\CodeIgniter->handleRequest(null, Object(Config\Cache), false)
 5 SYSTEMPATH/Boot.php(417): CodeIgniter\CodeIgniter->run()
 6 SYSTEMPATH/Boot.php(68): CodeIgniter\Boot::runCodeIgniter(Object(CodeIgniter\CodeIgniter))
 7 FCPATH/index.php(59): CodeIgniter\Boot::bootWeb(Object(Config\Paths))
CRITICAL - 2026-09-17 18:34:52 --> ErrorException: Undefined variable $users
[Method: GET, Route: /]
in APPPATH/Controllers/Home.php on line 17.
 1 APPPATH/Controllers/Home.php(17): CodeIgniter\Debug\Exceptions->errorHandler(2, 'Undefined variable $users', '/Applications/MAMP/htdocs/Escrow/app/Controllers/Home.php', 17)
 2 SYSTEMPATH/CodeIgniter.php(974): App\Controllers\Home->index()
 3 SYSTEMPATH/CodeIgniter.php(520): CodeIgniter\CodeIgniter->runController(Object(App\Controllers\Home))
 4 SYSTEMPATH/CodeIgniter.php(363): CodeIgniter\CodeIgniter->handleRequest(null, Object(Config\Cache), false)
 5 SYSTEMPATH/Boot.php(417): CodeIgniter\CodeIgniter->run()
 6 SYSTEMPATH/Boot.php(68): CodeIgniter\Boot::runCodeIgniter(Object(CodeIgniter\CodeIgniter))
 7 FCPATH/index.php(59): CodeIgniter\Boot::bootWeb(Object(Config\Paths))
CRITICAL - 2026-09-17 18:34:52 --> ErrorException: Undefined variable $users
[Method: GET, Route: /]
in APPPATH/Controllers/Home.php on line 17.
 1 APPPATH/Controllers/Home.php(17): CodeIgniter\Debug\Exceptions->errorHandler(2, 'Undefined variable $users', '/Applications/MAMP/htdocs/Escrow/app/Controllers/Home.php', 17)
 2 SYSTEMPATH/CodeIgniter.php(974): App\Controllers\Home->index()
 3 SYSTEMPATH/CodeIgniter.php(520): CodeIgniter\CodeIgniter->runController(Object(App\Controllers\Home))
 4 SYSTEMPATH/CodeIgniter.php(363): CodeIgniter\CodeIgniter->handleRequest(null, Object(Config\Cache), false)
 5 SYSTEMPATH/Boot.php(417): CodeIgniter\CodeIgniter->run()
 6 SYSTEMPATH/Boot.php(68): CodeIgniter\Boot::runCodeIgniter(Object(CodeIgniter\CodeIgniter))
 7 FCPATH/index.php(59): CodeIgniter\Boot::bootWeb(Object(Config\Paths))
CRITICAL - 2026-09-17 18:34:52 --> ErrorException: Undefined variable $users
[Method: GET, Route: /]
in APPPATH/Controllers/Home.php on line 17.
 1 APPPATH/Controllers/Home.php(17): CodeIgniter\Debug\Exceptions->errorHandler(2, 'Undefined variable $users', '/Applications/MAMP/htdocs/Escrow/app/Controllers/Home.php', 17)
 2 SYSTEMPATH/CodeIgniter.php(974): App\Controllers\Home->index()
 3 SYSTEMPATH/CodeIgniter.php(520): CodeIgniter\CodeIgniter->runController(Object(App\Controllers\Home))
 4 SYSTEMPATH/CodeIgniter.php(363): CodeIgniter\CodeIgniter->handleRequest(null, Object(Config\Cache), false)
 5 SYSTEMPATH/Boot.php(417): CodeIgniter\CodeIgniter->run()
 6 SYSTEMPATH/Boot.php(68): CodeIgniter\Boot::runCodeIgniter(Object(CodeIgniter\CodeIgniter))
 7 FCPATH/index.php(59): CodeIgniter\Boot::bootWeb(Object(Config\Paths))
CRITICAL - 2026-09-17 18:34:52 --> ErrorException: Undefined variable $users
[Method: GET, Route: /]
in APPPATH/Controllers/Home.php on line 17.
 1 APPPATH/Controllers/Home.php(17): CodeIgniter\Debug\Exceptions->errorHandler(2, 'Undefined variable $users', '/Applications/MAMP/htdocs/Escrow/app/Controllers/Home.php', 17)
 2 SYSTEMPATH/CodeIgniter.php(974): App\Controllers\Home->index()
 3 SYSTEMPATH/CodeIgniter.php(520): CodeIgniter\CodeIgniter->runController(Object(App\Controllers\Home))
 4 SYSTEMPATH/CodeIgniter.php(363): CodeIgniter\CodeIgniter->handleRequest(null, Object(Config\Cache), false)
 5 SYSTEMPATH/Boot.php(417): CodeIgniter\CodeIgniter->run()
 6 SYSTEMPATH/Boot.php(68): CodeIgniter\Boot::runCodeIgniter(Object(CodeIgniter\CodeIgniter))
 7 FCPATH/index.php(59): CodeIgniter\Boot::bootWeb(Object(Config\Paths))
CRITICAL - 2026-09-17 18:34:52 --> ErrorException: Undefined variable $users
[Method: GET, Route: /]
in APPPATH/Controllers/Home.php on line 17.
 1 APPPATH/Controllers/Home.php(17): CodeIgniter\Debug\Exceptions->errorHandler(2, 'Undefined variable $users', '/Applications/MAMP/htdocs/Escrow/app/Controllers/Home.php', 17)
 2 SYSTEMPATH/CodeIgniter.php(974): App\Controllers\Home->index()
 3 SYSTEMPATH/CodeIgniter.php(520): CodeIgniter\CodeIgniter->runController(Object(App\Controllers\Home))
 4 SYSTEMPATH/CodeIgniter.php(363): CodeIgniter\CodeIgniter->handleRequest(null, Object(Config\Cache), false)
 5 SYSTEMPATH/Boot.php(417): CodeIgniter\CodeIgniter->run()
 6 SYSTEMPATH/Boot.php(68): CodeIgniter\Boot::runCodeIgniter(Object(CodeIgniter\CodeIgniter))
 7 FCPATH/index.php(59): CodeIgniter\Boot::bootWeb(Object(Config\Paths))
CRITICAL - 2026-09-17 18:34:53 --> ErrorException: Undefined variable $users
[Method: GET, Route: /]
in APPPATH/Controllers/Home.php on line 17.
 1 APPPATH/Controllers/Home.php(17): CodeIgniter\Debug\Exceptions->errorHandler(2, 'Undefined variable $users', '/Applications/MAMP/htdocs/Escrow/app/Controllers/Home.php', 17)
 2 SYSTEMPATH/CodeIgniter.php(974): App\Controllers\Home->index()
 3 SYSTEMPATH/CodeIgniter.php(520): CodeIgniter\CodeIgniter->runController(Object(App\Controllers\Home))
 4 SYSTEMPATH/CodeIgniter.php(363): CodeIgniter\CodeIgniter->handleRequest(null, Object(Config\Cache), false)
 5 SYSTEMPATH/Boot.php(417): CodeIgniter\CodeIgniter->run()
 6 SYSTEMPATH/Boot.php(68): CodeIgniter\Boot::runCodeIgniter(Object(CodeIgniter\CodeIgniter))
 7 FCPATH/index.php(59): CodeIgniter\Boot::bootWeb(Object(Config\Paths))
CRITICAL - 2026-09-17 18:34:53 --> ErrorException: Undefined variable $users
[Method: GET, Route: /]
in APPPATH/Controllers/Home.php on line 17.
 1 APPPATH/Controllers/Home.php(17): CodeIgniter\Debug\Exceptions->errorHandler(2, 'Undefined variable $users', '/Applications/MAMP/htdocs/Escrow/app/Controllers/Home.php', 17)
 2 SYSTEMPATH/CodeIgniter.php(974): App\Controllers\Home->index()
 3 SYSTEMPATH/CodeIgniter.php(520): CodeIgniter\CodeIgniter->runController(Object(App\Controllers\Home))
 4 SYSTEMPATH/CodeIgniter.php(363): CodeIgniter\CodeIgniter->handleRequest(null, Object(Config\Cache), false)
 5 SYSTEMPATH/Boot.php(417): CodeIgniter\CodeIgniter->run()
 6 SYSTEMPATH/Boot.php(68): CodeIgniter\Boot::runCodeIgniter(Object(CodeIgniter\CodeIgniter))
 7 FCPATH/index.php(59): CodeIgniter\Boot::bootWeb(Object(Config\Paths))
CRITICAL - 2026-09-17 18:34:53 --> ErrorException: Undefined variable $users
[Method: GET, Route: /]
in APPPATH/Controllers/Home.php on line 17.
 1 APPPATH/Controllers/Home.php(17): CodeIgniter\Debug\Exceptions->errorHandler(2, 'Undefined variable $users', '/Applications/MAMP/htdocs/Escrow/app/Controllers/Home.php', 17)
 2 SYSTEMPATH/CodeIgniter.php(974): App\Controllers\Home->index()
 3 SYSTEMPATH/CodeIgniter.php(520): CodeIgniter\CodeIgniter->runController(Object(App\Controllers\Home))
 4 SYSTEMPATH/CodeIgniter.php(363): CodeIgniter\CodeIgniter->handleRequest(null, Object(Config\Cache), false)
 5 SYSTEMPATH/Boot.php(417): CodeIgniter\CodeIgniter->run()
 6 SYSTEMPATH/Boot.php(68): CodeIgniter\Boot::runCodeIgniter(Object(CodeIgniter\CodeIgniter))
 7 FCPATH/index.php(59): CodeIgniter\Boot::bootWeb(Object(Config\Paths))
CRITICAL - 2026-09-17 18:34:53 --> ErrorException: Undefined variable $users
[Method: GET, Route: /]
in APPPATH/Controllers/Home.php on line 17.
 1 APPPATH/Controllers/Home.php(17): CodeIgniter\Debug\Exceptions->errorHandler(2, 'Undefined variable $users', '/Applications/MAMP/htdocs/Escrow/app/Controllers/Home.php', 17)
 2 SYSTEMPATH/CodeIgniter.php(974): App\Controllers\Home->index()
 3 SYSTEMPATH/CodeIgniter.php(520): CodeIgniter\CodeIgniter->runController(Object(App\Controllers\Home))
 4 SYSTEMPATH/CodeIgniter.php(363): CodeIgniter\CodeIgniter->handleRequest(null, Object(Config\Cache), false)
 5 SYSTEMPATH/Boot.php(417): CodeIgniter\CodeIgniter->run()
 6 SYSTEMPATH/Boot.php(68): CodeIgniter\Boot::runCodeIgniter(Object(CodeIgniter\CodeIgniter))
 7 FCPATH/index.php(59): CodeIgniter\Boot::bootWeb(Object(Config\Paths))
CRITICAL - 2026-09-17 18:34:53 --> ErrorException: Undefined variable $users
[Method: GET, Route: /]
in APPPATH/Controllers/Home.php on line 17.
 1 APPPATH/Controllers/Home.php(17): CodeIgniter\Debug\Exceptions->errorHandler(2, 'Undefined variable $users', '/Applications/MAMP/htdocs/Escrow/app/Controllers/Home.php', 17)
 2 SYSTEMPATH/CodeIgniter.php(974): App\Controllers\Home->index()
 3 SYSTEMPATH/CodeIgniter.php(520): CodeIgniter\CodeIgniter->runController(Object(App\Controllers\Home))
 4 SYSTEMPATH/CodeIgniter.php(363): CodeIgniter\CodeIgniter->handleRequest(null, Object(Config\Cache), false)
 5 SYSTEMPATH/Boot.php(417): CodeIgniter\CodeIgniter->run()
 6 SYSTEMPATH/Boot.php(68): CodeIgniter\Boot::runCodeIgniter(Object(CodeIgniter\CodeIgniter))
 7 FCPATH/index.php(59): CodeIgniter\Boot::bootWeb(Object(Config\Paths))
CRITICAL - 2026-09-17 18:34:54 --> ErrorException: Undefined variable $users
[Method: GET, Route: /]
in APPPATH/Controllers/Home.php on line 17.
 1 APPPATH/Controllers/Home.php(17): CodeIgniter\Debug\Exceptions->errorHandler(2, 'Undefined variable $users', '/Applications/MAMP/htdocs/Escrow/app/Controllers/Home.php', 17)
 2 SYSTEMPATH/CodeIgniter.php(974): App\Controllers\Home->index()
 3 SYSTEMPATH/CodeIgniter.php(520): CodeIgniter\CodeIgniter->runController(Object(App\Controllers\Home))
 4 SYSTEMPATH/CodeIgniter.php(363): CodeIgniter\CodeIgniter->handleRequest(null, Object(Config\Cache), false)
 5 SYSTEMPATH/Boot.php(417): CodeIgniter\CodeIgniter->run()
 6 SYSTEMPATH/Boot.php(68): CodeIgniter\Boot::runCodeIgniter(Object(CodeIgniter\CodeIgniter))
 7 FCPATH/index.php(59): CodeIgniter\Boot::bootWeb(Object(Config\Paths))
CRITICAL - 2026-09-17 18:34:54 --> ErrorException: Undefined variable $users
[Method: GET, Route: /]
in APPPATH/Controllers/Home.php on line 17.
 1 APPPATH/Controllers/Home.php(17): CodeIgniter\Debug\Exceptions->errorHandler(2, 'Undefined variable $users', '/Applications/MAMP/htdocs/Escrow/app/Controllers/Home.php', 17)
 2 SYSTEMPATH/CodeIgniter.php(974): App\Controllers\Home->index()
 3 SYSTEMPATH/CodeIgniter.php(520): CodeIgniter\CodeIgniter->runController(Object(App\Controllers\Home))
 4 SYSTEMPATH/CodeIgniter.php(363): CodeIgniter\CodeIgniter->handleRequest(null, Object(Config\Cache), false)
 5 SYSTEMPATH/Boot.php(417): CodeIgniter\CodeIgniter->run()
 6 SYSTEMPATH/Boot.php(68): CodeIgniter\Boot::runCodeIgniter(Object(CodeIgniter\CodeIgniter))
 7 FCPATH/index.php(59): CodeIgniter\Boot::bootWeb(Object(Config\Paths))
CRITICAL - 2026-09-17 18:34:54 --> ErrorException: Undefined variable $users
[Method: GET, Route: /]
in APPPATH/Controllers/Home.php on line 17.
 1 APPPATH/Controllers/Home.php(17): CodeIgniter\Debug\Exceptions->errorHandler(2, 'Undefined variable $users', '/Applications/MAMP/htdocs/Escrow/app/Controllers/Home.php', 17)
 2 SYSTEMPATH/CodeIgniter.php(974): App\Controllers\Home->index()
 3 SYSTEMPATH/CodeIgniter.php(520): CodeIgniter\CodeIgniter->runController(Object(App\Controllers\Home))
 4 SYSTEMPATH/CodeIgniter.php(363): CodeIgniter\CodeIgniter->handleRequest(null, Object(Config\Cache), false)
 5 SYSTEMPATH/Boot.php(417): CodeIgniter\CodeIgniter->run()
 6 SYSTEMPATH/Boot.php(68): CodeIgniter\Boot::runCodeIgniter(Object(CodeIgniter\CodeIgniter))
 7 FCPATH/index.php(59): CodeIgniter\Boot::bootWeb(Object(Config\Paths))
CRITICAL - 2026-09-17 18:34:54 --> ErrorException: Undefined variable $users
[Method: GET, Route: /]
in APPPATH/Controllers/Home.php on line 17.
 1 APPPATH/Controllers/Home.php(17): CodeIgniter\Debug\Exceptions->errorHandler(2, 'Undefined variable $users', '/Applications/MAMP/htdocs/Escrow/app/Controllers/Home.php', 17)
 2 SYSTEMPATH/CodeIgniter.php(974): App\Controllers\Home->index()
 3 SYSTEMPATH/CodeIgniter.php(520): CodeIgniter\CodeIgniter->runController(Object(App\Controllers\Home))
 4 SYSTEMPATH/CodeIgniter.php(363): CodeIgniter\CodeIgniter->handleRequest(null, Object(Config\Cache), false)
 5 SYSTEMPATH/Boot.php(417): CodeIgniter\CodeIgniter->run()
 6 SYSTEMPATH/Boot.php(68): CodeIgniter\Boot::runCodeIgniter(Object(CodeIgniter\CodeIgniter))
 7 FCPATH/index.php(59): CodeIgniter\Boot::bootWeb(Object(Config\Paths))
CRITICAL - 2026-09-17 18:34:54 --> ErrorException: Undefined variable $users
[Method: GET, Route: /]
in APPPATH/Controllers/Home.php on line 17.
 1 APPPATH/Controllers/Home.php(17): CodeIgniter\Debug\Exceptions->errorHandler(2, 'Undefined variable $users', '/Applications/MAMP/htdocs/Escrow/app/Controllers/Home.php', 17)
 2 SYSTEMPATH/CodeIgniter.php(974): App\Controllers\Home->index()
 3 SYSTEMPATH/CodeIgniter.php(520): CodeIgniter\CodeIgniter->runController(Object(App\Controllers\Home))
 4 SYSTEMPATH/CodeIgniter.php(363): CodeIgniter\CodeIgniter->handleRequest(null, Object(Config\Cache), false)
 5 SYSTEMPATH/Boot.php(417): CodeIgniter\CodeIgniter->run()
 6 SYSTEMPATH/Boot.php(68): CodeIgniter\Boot::runCodeIgniter(Object(CodeIgniter\CodeIgniter))
 7 FCPATH/index.php(59): CodeIgniter\Boot::bootWeb(Object(Config\Paths))
CRITICAL - 2026-09-17 18:34:54 --> ErrorException: Undefined variable $users
[Method: GET, Route: /]
in APPPATH/Controllers/Home.php on line 17.
 1 APPPATH/Controllers/Home.php(17): CodeIgniter\Debug\Exceptions->errorHandler(2, 'Undefined variable $users', '/Applications/MAMP/htdocs/Escrow/app/Controllers/Home.php', 17)
 2 SYSTEMPATH/CodeIgniter.php(974): App\Controllers\Home->index()
 3 SYSTEMPATH/CodeIgniter.php(520): CodeIgniter\CodeIgniter->runController(Object(App\Controllers\Home))
 4 SYSTEMPATH/CodeIgniter.php(363): CodeIgniter\CodeIgniter->handleRequest(null, Object(Config\Cache), false)
 5 SYSTEMPATH/Boot.php(417): CodeIgniter\CodeIgniter->run()
 6 SYSTEMPATH/Boot.php(68): CodeIgniter\Boot::runCodeIgniter(Object(CodeIgniter\CodeIgniter))
 7 FCPATH/index.php(59): CodeIgniter\Boot::bootWeb(Object(Config\Paths))
CRITICAL - 2026-09-17 18:34:55 --> ErrorException: Undefined variable $users
[Method: GET, Route: /]
in APPPATH/Controllers/Home.php on line 17.
 1 APPPATH/Controllers/Home.php(17): CodeIgniter\Debug\Exceptions->errorHandler(2, 'Undefined variable $users', '/Applications/MAMP/htdocs/Escrow/app/Controllers/Home.php', 17)
 2 SYSTEMPATH/CodeIgniter.php(974): App\Controllers\Home->index()
 3 SYSTEMPATH/CodeIgniter.php(520): CodeIgniter\CodeIgniter->runController(Object(App\Controllers\Home))
 4 SYSTEMPATH/CodeIgniter.php(363): CodeIgniter\CodeIgniter->handleRequest(null, Object(Config\Cache), false)
 5 SYSTEMPATH/Boot.php(417): CodeIgniter\CodeIgniter->run()
 6 SYSTEMPATH/Boot.php(68): CodeIgniter\Boot::runCodeIgniter(Object(CodeIgniter\CodeIgniter))
 7 FCPATH/index.php(59): CodeIgniter\Boot::bootWeb(Object(Config\Paths))
CRITICAL - 2026-09-17 18:34:55 --> ErrorException: Undefined variable $users
[Method: GET, Route: /]
in APPPATH/Controllers/Home.php on line 17.
 1 APPPATH/Controllers/Home.php(17): CodeIgniter\Debug\Exceptions->errorHandler(2, 'Undefined variable $users', '/Applications/MAMP/htdocs/Escrow/app/Controllers/Home.php', 17)
 2 SYSTEMPATH/CodeIgniter.php(974): App\Controllers\Home->index()
 3 SYSTEMPATH/CodeIgniter.php(520): CodeIgniter\CodeIgniter->runController(Object(App\Controllers\Home))
 4 SYSTEMPATH/CodeIgniter.php(363): CodeIgniter\CodeIgniter->handleRequest(null, Object(Config\Cache), false)
 5 SYSTEMPATH/Boot.php(417): CodeIgniter\CodeIgniter->run()
 6 SYSTEMPATH/Boot.php(68): CodeIgniter\Boot::runCodeIgniter(Object(CodeIgniter\CodeIgniter))
 7 FCPATH/index.php(59): CodeIgniter\Boot::bootWeb(Object(Config\Paths))
CRITICAL - 2026-09-17 18:34:55 --> ErrorException: Undefined variable $users
[Method: GET, Route: /]
in APPPATH/Controllers/Home.php on line 17.
 1 APPPATH/Controllers/Home.php(17): CodeIgniter\Debug\Exceptions->errorHandler(2, 'Undefined variable $users', '/Applications/MAMP/htdocs/Escrow/app/Controllers/Home.php', 17)
 2 SYSTEMPATH/CodeIgniter.php(974): App\Controllers\Home->index()
 3 SYSTEMPATH/CodeIgniter.php(520): CodeIgniter\CodeIgniter->runController(Object(App\Controllers\Home))
 4 SYSTEMPATH/CodeIgniter.php(363): CodeIgniter\CodeIgniter->handleRequest(null, Object(Config\Cache), false)
 5 SYSTEMPATH/Boot.php(417): CodeIgniter\CodeIgniter->run()
 6 SYSTEMPATH/Boot.php(68): CodeIgniter\Boot::runCodeIgniter(Object(CodeIgniter\CodeIgniter))
 7 FCPATH/index.php(59): CodeIgniter\Boot::bootWeb(Object(Config\Paths))
CRITICAL - 2026-09-17 18:35:22 --> ParseError: syntax error, unexpected token "/"
[Method: GET, Route: /]
in APPPATH/Views/home.php on line 16.
 1 SYSTEMPATH/View/View.php(243): CodeIgniter\View\View->CodeIgniter\View\{closure}()
 2 SYSTEMPATH/Common.php(1268): CodeIgniter\View\View->render('home', [], true)
 3 APPPATH/Controllers/Home.php(17): view('home', [...])
 4 SYSTEMPATH/CodeIgniter.php(974): App\Controllers\Home->index()
 5 SYSTEMPATH/CodeIgniter.php(520): CodeIgniter\CodeIgniter->runController(Object(App\Controllers\Home))
 6 SYSTEMPATH/CodeIgniter.php(363): CodeIgniter\CodeIgniter->handleRequest(null, Object(Config\Cache), false)
 7 SYSTEMPATH/Boot.php(417): CodeIgniter\CodeIgniter->run()
 8 SYSTEMPATH/Boot.php(68): CodeIgniter\Boot::runCodeIgniter(Object(CodeIgniter\CodeIgniter))
 9 FCPATH/index.php(59): CodeIgniter\Boot::bootWeb(Object(Config\Paths))
CRITICAL - 2026-09-17 18:35:22 --> ParseError: syntax error, unexpected token "/"
[Method: GET, Route: /]
in APPPATH/Views/home.php on line 16.
 1 SYSTEMPATH/View/View.php(243): CodeIgniter\View\View->CodeIgniter\View\{closure}()
 2 SYSTEMPATH/Common.php(1268): CodeIgniter\View\View->render('home', [], true)
 3 APPPATH/Controllers/Home.php(17): view('home', [...])
 4 SYSTEMPATH/CodeIgniter.php(974): App\Controllers\Home->index()
 5 SYSTEMPATH/CodeIgniter.php(520): CodeIgniter\CodeIgniter->runController(Object(App\Controllers\Home))
 6 SYSTEMPATH/CodeIgniter.php(363): CodeIgniter\CodeIgniter->handleRequest(null, Object(Config\Cache), false)
 7 SYSTEMPATH/Boot.php(417): CodeIgniter\CodeIgniter->run()
 8 SYSTEMPATH/Boot.php(68): CodeIgniter\Boot::runCodeIgniter(Object(CodeIgniter\CodeIgniter))
 9 FCPATH/index.php(59): CodeIgniter\Boot::bootWeb(Object(Config\Paths))
CRITICAL - 2026-09-17 19:00:38 --> ErrorException: Undefined array key "name"
[Method: GET, Route: /]
in APPPATH/Views/home.php on line 16.
 1 APPPATH/Views/home.php(16): CodeIgniter\Debug\Exceptions->errorHandler(2, 'Undefined array key "name"', '/Applications/MAMP/htdocs/Escrow/app/Views/home.php', 16)
 2 SYSTEMPATH/View/View.php(240): include('/Applications/MAMP/htdocs/Escrow/app/Views/home.php')
 3 SYSTEMPATH/View/View.php(243): CodeIgniter\View\View->CodeIgniter\View\{closure}()
 4 SYSTEMPATH/Common.php(1268): CodeIgniter\View\View->render('home', [], true)
 5 APPPATH/Controllers/Home.php(18): view('home', [...])
 6 SYSTEMPATH/CodeIgniter.php(974): App\Controllers\Home->index()
 7 SYSTEMPATH/CodeIgniter.php(520): CodeIgniter\CodeIgniter->runController(Object(App\Controllers\Home))
 8 SYSTEMPATH/CodeIgniter.php(363): CodeIgniter\CodeIgniter->handleRequest(null, Object(Config\Cache), false)
 9 SYSTEMPATH/Boot.php(417): CodeIgniter\CodeIgniter->run()
10 SYSTEMPATH/Boot.php(68): CodeIgniter\Boot::runCodeIgniter(Object(CodeIgniter\CodeIgniter))
11 FCPATH/index.php(59): CodeIgniter\Boot::bootWeb(Object(Config\Paths))
CRITICAL - 2026-09-17 19:00:38 --> ErrorException: Undefined array key "name"
[Method: GET, Route: /]
in APPPATH/Views/home.php on line 16.
 1 APPPATH/Views/home.php(16): CodeIgniter\Debug\Exceptions->errorHandler(2, 'Undefined array key "name"', '/Applications/MAMP/htdocs/Escrow/app/Views/home.php', 16)
 2 SYSTEMPATH/View/View.php(240): include('/Applications/MAMP/htdocs/Escrow/app/Views/home.php')
 3 SYSTEMPATH/View/View.php(243): CodeIgniter\View\View->CodeIgniter\View\{closure}()
 4 SYSTEMPATH/Common.php(1268): CodeIgniter\View\View->render('home', [], true)
 5 APPPATH/Controllers/Home.php(18): view('home', [...])
 6 SYSTEMPATH/CodeIgniter.php(974): App\Controllers\Home->index()
 7 SYSTEMPATH/CodeIgniter.php(520): CodeIgniter\CodeIgniter->runController(Object(App\Controllers\Home))
 8 SYSTEMPATH/CodeIgniter.php(363): CodeIgniter\CodeIgniter->handleRequest(null, Object(Config\Cache), false)
 9 SYSTEMPATH/Boot.php(417): CodeIgniter\CodeIgniter->run()
10 SYSTEMPATH/Boot.php(68): CodeIgniter\Boot::runCodeIgniter(Object(CodeIgniter\CodeIgniter))
11 FCPATH/index.php(59): CodeIgniter\Boot::bootWeb(Object(Config\Paths))
CRITICAL - 2026-09-17 19:00:38 --> ErrorException: Undefined array key "name"
[Method: GET, Route: /]
in APPPATH/Views/home.php on line 16.
 1 APPPATH/Views/home.php(16): CodeIgniter\Debug\Exceptions->errorHandler(2, 'Undefined array key "name"', '/Applications/MAMP/htdocs/Escrow/app/Views/home.php', 16)
 2 SYSTEMPATH/View/View.php(240): include('/Applications/MAMP/htdocs/Escrow/app/Views/home.php')
 3 SYSTEMPATH/View/View.php(243): CodeIgniter\View\View->CodeIgniter\View\{closure}()
 4 SYSTEMPATH/Common.php(1268): CodeIgniter\View\View->render('home', [], true)
 5 APPPATH/Controllers/Home.php(18): view('home', [...])
 6 SYSTEMPATH/CodeIgniter.php(974): App\Controllers\Home->index()
 7 SYSTEMPATH/CodeIgniter.php(520): CodeIgniter\CodeIgniter->runController(Object(App\Controllers\Home))
 8 SYSTEMPATH/CodeIgniter.php(363): CodeIgniter\CodeIgniter->handleRequest(null, Object(Config\Cache), false)
 9 SYSTEMPATH/Boot.php(417): CodeIgniter\CodeIgniter->run()
10 SYSTEMPATH/Boot.php(68): CodeIgniter\Boot::runCodeIgniter(Object(CodeIgniter\CodeIgniter))
11 FCPATH/index.php(59): CodeIgniter\Boot::bootWeb(Object(Config\Paths))
CRITICAL - 2026-09-17 19:00:39 --> ErrorException: Undefined array key "name"
[Method: GET, Route: /]
in APPPATH/Views/home.php on line 16.
 1 APPPATH/Views/home.php(16): CodeIgniter\Debug\Exceptions->errorHandler(2, 'Undefined array key "name"', '/Applications/MAMP/htdocs/Escrow/app/Views/home.php', 16)
 2 SYSTEMPATH/View/View.php(240): include('/Applications/MAMP/htdocs/Escrow/app/Views/home.php')
 3 SYSTEMPATH/View/View.php(243): CodeIgniter\View\View->CodeIgniter\View\{closure}()
 4 SYSTEMPATH/Common.php(1268): CodeIgniter\View\View->render('home', [], true)
 5 APPPATH/Controllers/Home.php(18): view('home', [...])
 6 SYSTEMPATH/CodeIgniter.php(974): App\Controllers\Home->index()
 7 SYSTEMPATH/CodeIgniter.php(520): CodeIgniter\CodeIgniter->runController(Object(App\Controllers\Home))
 8 SYSTEMPATH/CodeIgniter.php(363): CodeIgniter\CodeIgniter->handleRequest(null, Object(Config\Cache), false)
 9 SYSTEMPATH/Boot.php(417): CodeIgniter\CodeIgniter->run()
10 SYSTEMPATH/Boot.php(68): CodeIgniter\Boot::runCodeIgniter(Object(CodeIgniter\CodeIgniter))
11 FCPATH/index.php(59): CodeIgniter\Boot::bootWeb(Object(Config\Paths))
CRITICAL - 2026-09-17 19:00:39 --> ErrorException: Undefined array key "name"
[Method: GET, Route: /]
in APPPATH/Views/home.php on line 16.
 1 APPPATH/Views/home.php(16): CodeIgniter\Debug\Exceptions->errorHandler(2, 'Undefined array key "name"', '/Applications/MAMP/htdocs/Escrow/app/Views/home.php', 16)
 2 SYSTEMPATH/View/View.php(240): include('/Applications/MAMP/htdocs/Escrow/app/Views/home.php')
 3 SYSTEMPATH/View/View.php(243): CodeIgniter\View\View->CodeIgniter\View\{closure}()
 4 SYSTEMPATH/Common.php(1268): CodeIgniter\View\View->render('home', [], true)
 5 APPPATH/Controllers/Home.php(18): view('home', [...])
 6 SYSTEMPATH/CodeIgniter.php(974): App\Controllers\Home->index()
 7 SYSTEMPATH/CodeIgniter.php(520): CodeIgniter\CodeIgniter->runController(Object(App\Controllers\Home))
 8 SYSTEMPATH/CodeIgniter.php(363): CodeIgniter\CodeIgniter->handleRequest(null, Object(Config\Cache), false)
 9 SYSTEMPATH/Boot.php(417): CodeIgniter\CodeIgniter->run()
10 SYSTEMPATH/Boot.php(68): CodeIgniter\Boot::runCodeIgniter(Object(CodeIgniter\CodeIgniter))
11 FCPATH/index.php(59): CodeIgniter\Boot::bootWeb(Object(Config\Paths))
CRITICAL - 2026-09-17 19:00:39 --> ErrorException: Undefined array key "name"
[Method: GET, Route: /]
in APPPATH/Views/home.php on line 16.
 1 APPPATH/Views/home.php(16): CodeIgniter\Debug\Exceptions->errorHandler(2, 'Undefined array key "name"', '/Applications/MAMP/htdocs/Escrow/app/Views/home.php', 16)
 2 SYSTEMPATH/View/View.php(240): include('/Applications/MAMP/htdocs/Escrow/app/Views/home.php')
 3 SYSTEMPATH/View/View.php(243): CodeIgniter\View\View->CodeIgniter\View\{closure}()
 4 SYSTEMPATH/Common.php(1268): CodeIgniter\View\View->render('home', [], true)
 5 APPPATH/Controllers/Home.php(18): view('home', [...])
 6 SYSTEMPATH/CodeIgniter.php(974): App\Controllers\Home->index()
 7 SYSTEMPATH/CodeIgniter.php(520): CodeIgniter\CodeIgniter->runController(Object(App\Controllers\Home))
 8 SYSTEMPATH/CodeIgniter.php(363): CodeIgniter\CodeIgniter->handleRequest(null, Object(Config\Cache), false)
 9 SYSTEMPATH/Boot.php(417): CodeIgniter\CodeIgniter->run()
10 SYSTEMPATH/Boot.php(68): CodeIgniter\Boot::runCodeIgniter(Object(CodeIgniter\CodeIgniter))
11 FCPATH/index.php(59): CodeIgniter\Boot::bootWeb(Object(Config\Paths))
CRITICAL - 2026-09-17 19:00:40 --> ErrorException: Undefined array key "name"
[Method: GET, Route: /]
in APPPATH/Views/home.php on line 16.
 1 APPPATH/Views/home.php(16): CodeIgniter\Debug\Exceptions->errorHandler(2, 'Undefined array key "name"', '/Applications/MAMP/htdocs/Escrow/app/Views/home.php', 16)
 2 SYSTEMPATH/View/View.php(240): include('/Applications/MAMP/htdocs/Escrow/app/Views/home.php')
 3 SYSTEMPATH/View/View.php(243): CodeIgniter\View\View->CodeIgniter\View\{closure}()
 4 SYSTEMPATH/Common.php(1268): CodeIgniter\View\View->render('home', [], true)
 5 APPPATH/Controllers/Home.php(18): view('home', [...])
 6 SYSTEMPATH/CodeIgniter.php(974): App\Controllers\Home->index()
 7 SYSTEMPATH/CodeIgniter.php(520): CodeIgniter\CodeIgniter->runController(Object(App\Controllers\Home))
 8 SYSTEMPATH/CodeIgniter.php(363): CodeIgniter\CodeIgniter->handleRequest(null, Object(Config\Cache), false)
 9 SYSTEMPATH/Boot.php(417): CodeIgniter\CodeIgniter->run()
10 SYSTEMPATH/Boot.php(68): CodeIgniter\Boot::runCodeIgniter(Object(CodeIgniter\CodeIgniter))
11 FCPATH/index.php(59): CodeIgniter\Boot::bootWeb(Object(Config\Paths))
CRITICAL - 2026-09-17 19:00:40 --> ErrorException: Undefined array key "name"
[Method: GET, Route: /]
in APPPATH/Views/home.php on line 16.
 1 APPPATH/Views/home.php(16): CodeIgniter\Debug\Exceptions->errorHandler(2, 'Undefined array key "name"', '/Applications/MAMP/htdocs/Escrow/app/Views/home.php', 16)
 2 SYSTEMPATH/View/View.php(240): include('/Applications/MAMP/htdocs/Escrow/app/Views/home.php')
 3 SYSTEMPATH/View/View.php(243): CodeIgniter\View\View->CodeIgniter\View\{closure}()
 4 SYSTEMPATH/Common.php(1268): CodeIgniter\View\View->render('home', [], true)
 5 APPPATH/Controllers/Home.php(18): view('home', [...])
 6 SYSTEMPATH/CodeIgniter.php(974): App\Controllers\Home->index()
 7 SYSTEMPATH/CodeIgniter.php(520): CodeIgniter\CodeIgniter->runController(Object(App\Controllers\Home))
 8 SYSTEMPATH/CodeIgniter.php(363): CodeIgniter\CodeIgniter->handleRequest(null, Object(Config\Cache), false)
 9 SYSTEMPATH/Boot.php(417): CodeIgniter\CodeIgniter->run()
10 SYSTEMPATH/Boot.php(68): CodeIgniter\Boot::runCodeIgniter(Object(CodeIgniter\CodeIgniter))
11 FCPATH/index.php(59): CodeIgniter\Boot::bootWeb(Object(Config\Paths))
CRITICAL - 2026-09-17 19:01:28 --> ErrorException: Undefined array key "name"
[Method: GET, Route: /]
in APPPATH/Views/home.php on line 16.
 1 APPPATH/Views/home.php(16): CodeIgniter\Debug\Exceptions->errorHandler(2, 'Undefined array key "name"', '/Applications/MAMP/htdocs/Escrow/app/Views/home.php', 16)
 2 SYSTEMPATH/View/View.php(240): include('/Applications/MAMP/htdocs/Escrow/app/Views/home.php')
 3 SYSTEMPATH/View/View.php(243): CodeIgniter\View\View->CodeIgniter\View\{closure}()
 4 SYSTEMPATH/Common.php(1268): CodeIgniter\View\View->render('home', [], true)
 5 APPPATH/Controllers/Home.php(18): view('home', [...])
 6 SYSTEMPATH/CodeIgniter.php(974): App\Controllers\Home->index()
 7 SYSTEMPATH/CodeIgniter.php(520): CodeIgniter\CodeIgniter->runController(Object(App\Controllers\Home))
 8 SYSTEMPATH/CodeIgniter.php(363): CodeIgniter\CodeIgniter->handleRequest(null, Object(Config\Cache), false)
 9 SYSTEMPATH/Boot.php(417): CodeIgniter\CodeIgniter->run()
10 SYSTEMPATH/Boot.php(68): CodeIgniter\Boot::runCodeIgniter(Object(CodeIgniter\CodeIgniter))
11 FCPATH/index.php(59): CodeIgniter\Boot::bootWeb(Object(Config\Paths))
CRITICAL - 2026-09-17 19:01:29 --> ErrorException: Undefined array key "name"
[Method: GET, Route: /]
in APPPATH/Views/home.php on line 16.
 1 APPPATH/Views/home.php(16): CodeIgniter\Debug\Exceptions->errorHandler(2, 'Undefined array key "name"', '/Applications/MAMP/htdocs/Escrow/app/Views/home.php', 16)
 2 SYSTEMPATH/View/View.php(240): include('/Applications/MAMP/htdocs/Escrow/app/Views/home.php')
 3 SYSTEMPATH/View/View.php(243): CodeIgniter\View\View->CodeIgniter\View\{closure}()
 4 SYSTEMPATH/Common.php(1268): CodeIgniter\View\View->render('home', [], true)
 5 APPPATH/Controllers/Home.php(18): view('home', [...])
 6 SYSTEMPATH/CodeIgniter.php(974): App\Controllers\Home->index()
 7 SYSTEMPATH/CodeIgniter.php(520): CodeIgniter\CodeIgniter->runController(Object(App\Controllers\Home))
 8 SYSTEMPATH/CodeIgniter.php(363): CodeIgniter\CodeIgniter->handleRequest(null, Object(Config\Cache), false)
 9 SYSTEMPATH/Boot.php(417): CodeIgniter\CodeIgniter->run()
10 SYSTEMPATH/Boot.php(68): CodeIgniter\Boot::runCodeIgniter(Object(CodeIgniter\CodeIgniter))
11 FCPATH/index.php(59): CodeIgniter\Boot::bootWeb(Object(Config\Paths))
CRITICAL - 2026-09-17 19:01:31 --> ErrorException: Undefined array key "name"
[Method: GET, Route: /]
in APPPATH/Views/home.php on line 16.
 1 APPPATH/Views/home.php(16): CodeIgniter\Debug\Exceptions->errorHandler(2, 'Undefined array key "name"', '/Applications/MAMP/htdocs/Escrow/app/Views/home.php', 16)
 2 SYSTEMPATH/View/View.php(240): include('/Applications/MAMP/htdocs/Escrow/app/Views/home.php')
 3 SYSTEMPATH/View/View.php(243): CodeIgniter\View\View->CodeIgniter\View\{closure}()
 4 SYSTEMPATH/Common.php(1268): CodeIgniter\View\View->render('home', [], true)
 5 APPPATH/Controllers/Home.php(18): view('home', [...])
 6 SYSTEMPATH/CodeIgniter.php(974): App\Controllers\Home->index()
 7 SYSTEMPATH/CodeIgniter.php(520): CodeIgniter\CodeIgniter->runController(Object(App\Controllers\Home))
 8 SYSTEMPATH/CodeIgniter.php(363): CodeIgniter\CodeIgniter->handleRequest(null, Object(Config\Cache), false)
 9 SYSTEMPATH/Boot.php(417): CodeIgniter\CodeIgniter->run()
10 SYSTEMPATH/Boot.php(68): CodeIgniter\Boot::runCodeIgniter(Object(CodeIgniter\CodeIgniter))
11 FCPATH/index.php(59): CodeIgniter\Boot::bootWeb(Object(Config\Paths))
CRITICAL - 2026-09-17 19:01:31 --> ErrorException: Undefined array key "name"
[Method: GET, Route: /]
in APPPATH/Views/home.php on line 16.
 1 APPPATH/Views/home.php(16): CodeIgniter\Debug\Exceptions->errorHandler(2, 'Undefined array key "name"', '/Applications/MAMP/htdocs/Escrow/app/Views/home.php', 16)
 2 SYSTEMPATH/View/View.php(240): include('/Applications/MAMP/htdocs/Escrow/app/Views/home.php')
 3 SYSTEMPATH/View/View.php(243): CodeIgniter\View\View->CodeIgniter\View\{closure}()
 4 SYSTEMPATH/Common.php(1268): CodeIgniter\View\View->render('home', [], true)
 5 APPPATH/Controllers/Home.php(18): view('home', [...])
 6 SYSTEMPATH/CodeIgniter.php(974): App\Controllers\Home->index()
 7 SYSTEMPATH/CodeIgniter.php(520): CodeIgniter\CodeIgniter->runController(Object(App\Controllers\Home))
 8 SYSTEMPATH/CodeIgniter.php(363): CodeIgniter\CodeIgniter->handleRequest(null, Object(Config\Cache), false)
 9 SYSTEMPATH/Boot.php(417): CodeIgniter\CodeIgniter->run()
10 SYSTEMPATH/Boot.php(68): CodeIgniter\Boot::runCodeIgniter(Object(CodeIgniter\CodeIgniter))
11 FCPATH/index.php(59): CodeIgniter\Boot::bootWeb(Object(Config\Paths))
CRITICAL - 2026-09-17 19:01:31 --> ErrorException: Undefined array key "name"
[Method: GET, Route: /]
in APPPATH/Views/home.php on line 16.
 1 APPPATH/Views/home.php(16): CodeIgniter\Debug\Exceptions->errorHandler(2, 'Undefined array key "name"', '/Applications/MAMP/htdocs/Escrow/app/Views/home.php', 16)
 2 SYSTEMPATH/View/View.php(240): include('/Applications/MAMP/htdocs/Escrow/app/Views/home.php')
 3 SYSTEMPATH/View/View.php(243): CodeIgniter\View\View->CodeIgniter\View\{closure}()
 4 SYSTEMPATH/Common.php(1268): CodeIgniter\View\View->render('home', [], true)
 5 APPPATH/Controllers/Home.php(18): view('home', [...])
 6 SYSTEMPATH/CodeIgniter.php(974): App\Controllers\Home->index()
 7 SYSTEMPATH/CodeIgniter.php(520): CodeIgniter\CodeIgniter->runController(Object(App\Controllers\Home))
 8 SYSTEMPATH/CodeIgniter.php(363): CodeIgniter\CodeIgniter->handleRequest(null, Object(Config\Cache), false)
 9 SYSTEMPATH/Boot.php(417): CodeIgniter\CodeIgniter->run()
10 SYSTEMPATH/Boot.php(68): CodeIgniter\Boot::runCodeIgniter(Object(CodeIgniter\CodeIgniter))
11 FCPATH/index.php(59): CodeIgniter\Boot::bootWeb(Object(Config\Paths))
CRITICAL - 2026-09-17 19:01:31 --> ErrorException: Undefined array key "name"
[Method: GET, Route: /]
in APPPATH/Views/home.php on line 16.
 1 APPPATH/Views/home.php(16): CodeIgniter\Debug\Exceptions->errorHandler(2, 'Undefined array key "name"', '/Applications/MAMP/htdocs/Escrow/app/Views/home.php', 16)
 2 SYSTEMPATH/View/View.php(240): include('/Applications/MAMP/htdocs/Escrow/app/Views/home.php')
 3 SYSTEMPATH/View/View.php(243): CodeIgniter\View\View->CodeIgniter\View\{closure}()
 4 SYSTEMPATH/Common.php(1268): CodeIgniter\View\View->render('home', [], true)
 5 APPPATH/Controllers/Home.php(18): view('home', [...])
 6 SYSTEMPATH/CodeIgniter.php(974): App\Controllers\Home->index()
 7 SYSTEMPATH/CodeIgniter.php(520): CodeIgniter\CodeIgniter->runController(Object(App\Controllers\Home))
 8 SYSTEMPATH/CodeIgniter.php(363): CodeIgniter\CodeIgniter->handleRequest(null, Object(Config\Cache), false)
 9 SYSTEMPATH/Boot.php(417): CodeIgniter\CodeIgniter->run()
10 SYSTEMPATH/Boot.php(68): CodeIgniter\Boot::runCodeIgniter(Object(CodeIgniter\CodeIgniter))
11 FCPATH/index.php(59): CodeIgniter\Boot::bootWeb(Object(Config\Paths))
CRITICAL - 2026-09-17 19:01:31 --> ErrorException: Undefined array key "name"
[Method: GET, Route: /]
in APPPATH/Views/home.php on line 16.
 1 APPPATH/Views/home.php(16): CodeIgniter\Debug\Exceptions->errorHandler(2, 'Undefined array key "name"', '/Applications/MAMP/htdocs/Escrow/app/Views/home.php', 16)
 2 SYSTEMPATH/View/View.php(240): include('/Applications/MAMP/htdocs/Escrow/app/Views/home.php')
 3 SYSTEMPATH/View/View.php(243): CodeIgniter\View\View->CodeIgniter\View\{closure}()
 4 SYSTEMPATH/Common.php(1268): CodeIgniter\View\View->render('home', [], true)
 5 APPPATH/Controllers/Home.php(18): view('home', [...])
 6 SYSTEMPATH/CodeIgniter.php(974): App\Controllers\Home->index()
 7 SYSTEMPATH/CodeIgniter.php(520): CodeIgniter\CodeIgniter->runController(Object(App\Controllers\Home))
 8 SYSTEMPATH/CodeIgniter.php(363): CodeIgniter\CodeIgniter->handleRequest(null, Object(Config\Cache), false)
 9 SYSTEMPATH/Boot.php(417): CodeIgniter\CodeIgniter->run()
10 SYSTEMPATH/Boot.php(68): CodeIgniter\Boot::runCodeIgniter(Object(CodeIgniter\CodeIgniter))
11 FCPATH/index.php(59): CodeIgniter\Boot::bootWeb(Object(Config\Paths))
CRITICAL - 2026-09-17 19:01:32 --> ErrorException: Undefined array key "name"
[Method: GET, Route: /]
in APPPATH/Views/home.php on line 16.
 1 APPPATH/Views/home.php(16): CodeIgniter\Debug\Exceptions->errorHandler(2, 'Undefined array key "name"', '/Applications/MAMP/htdocs/Escrow/app/Views/home.php', 16)
 2 SYSTEMPATH/View/View.php(240): include('/Applications/MAMP/htdocs/Escrow/app/Views/home.php')
 3 SYSTEMPATH/View/View.php(243): CodeIgniter\View\View->CodeIgniter\View\{closure}()
 4 SYSTEMPATH/Common.php(1268): CodeIgniter\View\View->render('home', [], true)
 5 APPPATH/Controllers/Home.php(18): view('home', [...])
 6 SYSTEMPATH/CodeIgniter.php(974): App\Controllers\Home->index()
 7 SYSTEMPATH/CodeIgniter.php(520): CodeIgniter\CodeIgniter->runController(Object(App\Controllers\Home))
 8 SYSTEMPATH/CodeIgniter.php(363): CodeIgniter\CodeIgniter->handleRequest(null, Object(Config\Cache), false)
 9 SYSTEMPATH/Boot.php(417): CodeIgniter\CodeIgniter->run()
10 SYSTEMPATH/Boot.php(68): CodeIgniter\Boot::runCodeIgniter(Object(CodeIgniter\CodeIgniter))
11 FCPATH/index.php(59): CodeIgniter\Boot::bootWeb(Object(Config\Paths))
CRITICAL - 2026-09-17 19:01:32 --> ErrorException: Undefined array key "name"
[Method: GET, Route: /]
in APPPATH/Views/home.php on line 16.
 1 APPPATH/Views/home.php(16): CodeIgniter\Debug\Exceptions->errorHandler(2, 'Undefined array key "name"', '/Applications/MAMP/htdocs/Escrow/app/Views/home.php', 16)
 2 SYSTEMPATH/View/View.php(240): include('/Applications/MAMP/htdocs/Escrow/app/Views/home.php')
 3 SYSTEMPATH/View/View.php(243): CodeIgniter\View\View->CodeIgniter\View\{closure}()
 4 SYSTEMPATH/Common.php(1268): CodeIgniter\View\View->render('home', [], true)
 5 APPPATH/Controllers/Home.php(18): view('home', [...])
 6 SYSTEMPATH/CodeIgniter.php(974): App\Controllers\Home->index()
 7 SYSTEMPATH/CodeIgniter.php(520): CodeIgniter\CodeIgniter->runController(Object(App\Controllers\Home))
 8 SYSTEMPATH/CodeIgniter.php(363): CodeIgniter\CodeIgniter->handleRequest(null, Object(Config\Cache), false)
 9 SYSTEMPATH/Boot.php(417): CodeIgniter\CodeIgniter->run()
10 SYSTEMPATH/Boot.php(68): CodeIgniter\Boot::runCodeIgniter(Object(CodeIgniter\CodeIgniter))
11 FCPATH/index.php(59): CodeIgniter\Boot::bootWeb(Object(Config\Paths))
CRITICAL - 2026-09-17 19:01:32 --> ErrorException: Undefined array key "name"
[Method: GET, Route: /]
in APPPATH/Views/home.php on line 16.
 1 APPPATH/Views/home.php(16): CodeIgniter\Debug\Exceptions->errorHandler(2, 'Undefined array key "name"', '/Applications/MAMP/htdocs/Escrow/app/Views/home.php', 16)
 2 SYSTEMPATH/View/View.php(240): include('/Applications/MAMP/htdocs/Escrow/app/Views/home.php')
 3 SYSTEMPATH/View/View.php(243): CodeIgniter\View\View->CodeIgniter\View\{closure}()
 4 SYSTEMPATH/Common.php(1268): CodeIgniter\View\View->render('home', [], true)
 5 APPPATH/Controllers/Home.php(18): view('home', [...])
 6 SYSTEMPATH/CodeIgniter.php(974): App\Controllers\Home->index()
 7 SYSTEMPATH/CodeIgniter.php(520): CodeIgniter\CodeIgniter->runController(Object(App\Controllers\Home))
 8 SYSTEMPATH/CodeIgniter.php(363): CodeIgniter\CodeIgniter->handleRequest(null, Object(Config\Cache), false)
 9 SYSTEMPATH/Boot.php(417): CodeIgniter\CodeIgniter->run()
10 SYSTEMPATH/Boot.php(68): CodeIgniter\Boot::runCodeIgniter(Object(CodeIgniter\CodeIgniter))
11 FCPATH/index.php(59): CodeIgniter\Boot::bootWeb(Object(Config\Paths))
CRITICAL - 2026-09-17 19:01:33 --> ErrorException: Undefined array key "name"
[Method: GET, Route: /]
in APPPATH/Views/home.php on line 16.
 1 APPPATH/Views/home.php(16): CodeIgniter\Debug\Exceptions->errorHandler(2, 'Undefined array key "name"', '/Applications/MAMP/htdocs/Escrow/app/Views/home.php', 16)
 2 SYSTEMPATH/View/View.php(240): include('/Applications/MAMP/htdocs/Escrow/app/Views/home.php')
 3 SYSTEMPATH/View/View.php(243): CodeIgniter\View\View->CodeIgniter\View\{closure}()
 4 SYSTEMPATH/Common.php(1268): CodeIgniter\View\View->render('home', [], true)
 5 APPPATH/Controllers/Home.php(18): view('home', [...])
 6 SYSTEMPATH/CodeIgniter.php(974): App\Controllers\Home->index()
 7 SYSTEMPATH/CodeIgniter.php(520): CodeIgniter\CodeIgniter->runController(Object(App\Controllers\Home))
 8 SYSTEMPATH/CodeIgniter.php(363): CodeIgniter\CodeIgniter->handleRequest(null, Object(Config\Cache), false)
 9 SYSTEMPATH/Boot.php(417): CodeIgniter\CodeIgniter->run()
10 SYSTEMPATH/Boot.php(68): CodeIgniter\Boot::runCodeIgniter(Object(CodeIgniter\CodeIgniter))
11 FCPATH/index.php(59): CodeIgniter\Boot::bootWeb(Object(Config\Paths))
CRITICAL - 2026-09-17 19:01:33 --> ErrorException: Undefined array key "name"
[Method: GET, Route: /]
in APPPATH/Views/home.php on line 16.
 1 APPPATH/Views/home.php(16): CodeIgniter\Debug\Exceptions->errorHandler(2, 'Undefined array key "name"', '/Applications/MAMP/htdocs/Escrow/app/Views/home.php', 16)
 2 SYSTEMPATH/View/View.php(240): include('/Applications/MAMP/htdocs/Escrow/app/Views/home.php')
 3 SYSTEMPATH/View/View.php(243): CodeIgniter\View\View->CodeIgniter\View\{closure}()
 4 SYSTEMPATH/Common.php(1268): CodeIgniter\View\View->render('home', [], true)
 5 APPPATH/Controllers/Home.php(18): view('home', [...])
 6 SYSTEMPATH/CodeIgniter.php(974): App\Controllers\Home->index()
 7 SYSTEMPATH/CodeIgniter.php(520): CodeIgniter\CodeIgniter->runController(Object(App\Controllers\Home))
 8 SYSTEMPATH/CodeIgniter.php(363): CodeIgniter\CodeIgniter->handleRequest(null, Object(Config\Cache), false)
 9 SYSTEMPATH/Boot.php(417): CodeIgniter\CodeIgniter->run()
10 SYSTEMPATH/Boot.php(68): CodeIgniter\Boot::runCodeIgniter(Object(CodeIgniter\CodeIgniter))
11 FCPATH/index.php(59): CodeIgniter\Boot::bootWeb(Object(Config\Paths))
CRITICAL - 2026-09-17 19:01:34 --> ErrorException: Undefined array key "name"
[Method: GET, Route: /]
in APPPATH/Views/home.php on line 16.
 1 APPPATH/Views/home.php(16): CodeIgniter\Debug\Exceptions->errorHandler(2, 'Undefined array key "name"', '/Applications/MAMP/htdocs/Escrow/app/Views/home.php', 16)
 2 SYSTEMPATH/View/View.php(240): include('/Applications/MAMP/htdocs/Escrow/app/Views/home.php')
 3 SYSTEMPATH/View/View.php(243): CodeIgniter\View\View->CodeIgniter\View\{closure}()
 4 SYSTEMPATH/Common.php(1268): CodeIgniter\View\View->render('home', [], true)
 5 APPPATH/Controllers/Home.php(18): view('home', [...])
 6 SYSTEMPATH/CodeIgniter.php(974): App\Controllers\Home->index()
 7 SYSTEMPATH/CodeIgniter.php(520): CodeIgniter\CodeIgniter->runController(Object(App\Controllers\Home))
 8 SYSTEMPATH/CodeIgniter.php(363): CodeIgniter\CodeIgniter->handleRequest(null, Object(Config\Cache), false)
 9 SYSTEMPATH/Boot.php(417): CodeIgniter\CodeIgniter->run()
10 SYSTEMPATH/Boot.php(68): CodeIgniter\Boot::runCodeIgniter(Object(CodeIgniter\CodeIgniter))
11 FCPATH/index.php(59): CodeIgniter\Boot::bootWeb(Object(Config\Paths))
CRITICAL - 2026-09-17 19:02:03 --> ErrorException: Undefined array key "name"
[Method: GET, Route: /]
in APPPATH/Views/home.php on line 16.
 1 APPPATH/Views/home.php(16): CodeIgniter\Debug\Exceptions->errorHandler(2, 'Undefined array key "name"', '/Applications/MAMP/htdocs/Escrow/app/Views/home.php', 16)
 2 SYSTEMPATH/View/View.php(240): include('/Applications/MAMP/htdocs/Escrow/app/Views/home.php')
 3 SYSTEMPATH/View/View.php(243): CodeIgniter\View\View->CodeIgniter\View\{closure}()
 4 SYSTEMPATH/Common.php(1268): CodeIgniter\View\View->render('home', [], true)
 5 APPPATH/Controllers/Home.php(18): view('home', [...])
 6 SYSTEMPATH/CodeIgniter.php(974): App\Controllers\Home->index()
 7 SYSTEMPATH/CodeIgniter.php(520): CodeIgniter\CodeIgniter->runController(Object(App\Controllers\Home))
 8 SYSTEMPATH/CodeIgniter.php(363): CodeIgniter\CodeIgniter->handleRequest(null, Object(Config\Cache), false)
 9 SYSTEMPATH/Boot.php(417): CodeIgniter\CodeIgniter->run()
10 SYSTEMPATH/Boot.php(68): CodeIgniter\Boot::runCodeIgniter(Object(CodeIgniter\CodeIgniter))
11 FCPATH/index.php(59): CodeIgniter\Boot::bootWeb(Object(Config\Paths))
CRITICAL - 2026-09-17 19:02:08 --> ErrorException: Undefined array key "name"
[Method: GET, Route: /]
in APPPATH/Views/home.php on line 16.
 1 APPPATH/Views/home.php(16): CodeIgniter\Debug\Exceptions->errorHandler(2, 'Undefined array key "name"', '/Applications/MAMP/htdocs/Escrow/app/Views/home.php', 16)
 2 SYSTEMPATH/View/View.php(240): include('/Applications/MAMP/htdocs/Escrow/app/Views/home.php')
 3 SYSTEMPATH/View/View.php(243): CodeIgniter\View\View->CodeIgniter\View\{closure}()
 4 SYSTEMPATH/Common.php(1268): CodeIgniter\View\View->render('home', [], true)
 5 APPPATH/Controllers/Home.php(18): view('home', [...])
 6 SYSTEMPATH/CodeIgniter.php(974): App\Controllers\Home->index()
 7 SYSTEMPATH/CodeIgniter.php(520): CodeIgniter\CodeIgniter->runController(Object(App\Controllers\Home))
 8 SYSTEMPATH/CodeIgniter.php(363): CodeIgniter\CodeIgniter->handleRequest(null, Object(Config\Cache), false)
 9 SYSTEMPATH/Boot.php(417): CodeIgniter\CodeIgniter->run()
10 SYSTEMPATH/Boot.php(68): CodeIgniter\Boot::runCodeIgniter(Object(CodeIgniter\CodeIgniter))
11 FCPATH/index.php(59): CodeIgniter\Boot::bootWeb(Object(Config\Paths))
CRITICAL - 2026-09-17 19:02:08 --> ErrorException: Undefined array key "name"
[Method: GET, Route: /]
in APPPATH/Views/home.php on line 16.
 1 APPPATH/Views/home.php(16): CodeIgniter\Debug\Exceptions->errorHandler(2, 'Undefined array key "name"', '/Applications/MAMP/htdocs/Escrow/app/Views/home.php', 16)
 2 SYSTEMPATH/View/View.php(240): include('/Applications/MAMP/htdocs/Escrow/app/Views/home.php')
 3 SYSTEMPATH/View/View.php(243): CodeIgniter\View\View->CodeIgniter\View\{closure}()
 4 SYSTEMPATH/Common.php(1268): CodeIgniter\View\View->render('home', [], true)
 5 APPPATH/Controllers/Home.php(18): view('home', [...])
 6 SYSTEMPATH/CodeIgniter.php(974): App\Controllers\Home->index()
 7 SYSTEMPATH/CodeIgniter.php(520): CodeIgniter\CodeIgniter->runController(Object(App\Controllers\Home))
 8 SYSTEMPATH/CodeIgniter.php(363): CodeIgniter\CodeIgniter->handleRequest(null, Object(Config\Cache), false)
 9 SYSTEMPATH/Boot.php(417): CodeIgniter\CodeIgniter->run()
10 SYSTEMPATH/Boot.php(68): CodeIgniter\Boot::runCodeIgniter(Object(CodeIgniter\CodeIgniter))
11 FCPATH/index.php(59): CodeIgniter\Boot::bootWeb(Object(Config\Paths))
CRITICAL - 2026-09-17 19:02:09 --> ErrorException: Undefined array key "name"
[Method: GET, Route: /]
in APPPATH/Views/home.php on line 16.
 1 APPPATH/Views/home.php(16): CodeIgniter\Debug\Exceptions->errorHandler(2, 'Undefined array key "name"', '/Applications/MAMP/htdocs/Escrow/app/Views/home.php', 16)
 2 SYSTEMPATH/View/View.php(240): include('/Applications/MAMP/htdocs/Escrow/app/Views/home.php')
 3 SYSTEMPATH/View/View.php(243): CodeIgniter\View\View->CodeIgniter\View\{closure}()
 4 SYSTEMPATH/Common.php(1268): CodeIgniter\View\View->render('home', [], true)
 5 APPPATH/Controllers/Home.php(18): view('home', [...])
 6 SYSTEMPATH/CodeIgniter.php(974): App\Controllers\Home->index()
 7 SYSTEMPATH/CodeIgniter.php(520): CodeIgniter\CodeIgniter->runController(Object(App\Controllers\Home))
 8 SYSTEMPATH/CodeIgniter.php(363): CodeIgniter\CodeIgniter->handleRequest(null, Object(Config\Cache), false)
 9 SYSTEMPATH/Boot.php(417): CodeIgniter\CodeIgniter->run()
10 SYSTEMPATH/Boot.php(68): CodeIgniter\Boot::runCodeIgniter(Object(CodeIgniter\CodeIgniter))
11 FCPATH/index.php(59): CodeIgniter\Boot::bootWeb(Object(Config\Paths))
CRITICAL - 2026-09-17 19:02:09 --> ErrorException: Undefined array key "name"
[Method: GET, Route: /]
in APPPATH/Views/home.php on line 16.
 1 APPPATH/Views/home.php(16): CodeIgniter\Debug\Exceptions->errorHandler(2, 'Undefined array key "name"', '/Applications/MAMP/htdocs/Escrow/app/Views/home.php', 16)
 2 SYSTEMPATH/View/View.php(240): include('/Applications/MAMP/htdocs/Escrow/app/Views/home.php')
 3 SYSTEMPATH/View/View.php(243): CodeIgniter\View\View->CodeIgniter\View\{closure}()
 4 SYSTEMPATH/Common.php(1268): CodeIgniter\View\View->render('home', [], true)
 5 APPPATH/Controllers/Home.php(18): view('home', [...])
 6 SYSTEMPATH/CodeIgniter.php(974): App\Controllers\Home->index()
 7 SYSTEMPATH/CodeIgniter.php(520): CodeIgniter\CodeIgniter->runController(Object(App\Controllers\Home))
 8 SYSTEMPATH/CodeIgniter.php(363): CodeIgniter\CodeIgniter->handleRequest(null, Object(Config\Cache), false)
 9 SYSTEMPATH/Boot.php(417): CodeIgniter\CodeIgniter->run()
10 SYSTEMPATH/Boot.php(68): CodeIgniter\Boot::runCodeIgniter(Object(CodeIgniter\CodeIgniter))
11 FCPATH/index.php(59): CodeIgniter\Boot::bootWeb(Object(Config\Paths))
CRITICAL - 2026-09-17 19:02:20 --> ErrorException: Undefined array key "name"
[Method: GET, Route: /]
in APPPATH/Views/home.php on line 16.
 1 APPPATH/Views/home.php(16): CodeIgniter\Debug\Exceptions->errorHandler(2, 'Undefined array key "name"', '/Applications/MAMP/htdocs/Escrow/app/Views/home.php', 16)
 2 SYSTEMPATH/View/View.php(240): include('/Applications/MAMP/htdocs/Escrow/app/Views/home.php')
 3 SYSTEMPATH/View/View.php(243): CodeIgniter\View\View->CodeIgniter\View\{closure}()
 4 SYSTEMPATH/Common.php(1268): CodeIgniter\View\View->render('home', [], true)
 5 APPPATH/Controllers/Home.php(18): view('home', [...])
 6 SYSTEMPATH/CodeIgniter.php(974): App\Controllers\Home->index()
 7 SYSTEMPATH/CodeIgniter.php(520): CodeIgniter\CodeIgniter->runController(Object(App\Controllers\Home))
 8 SYSTEMPATH/CodeIgniter.php(363): CodeIgniter\CodeIgniter->handleRequest(null, Object(Config\Cache), false)
 9 SYSTEMPATH/Boot.php(417): CodeIgniter\CodeIgniter->run()
10 SYSTEMPATH/Boot.php(68): CodeIgniter\Boot::runCodeIgniter(Object(CodeIgniter\CodeIgniter))
11 FCPATH/index.php(59): CodeIgniter\Boot::bootWeb(Object(Config\Paths))
CRITICAL - 2026-09-17 19:02:21 --> ErrorException: Undefined array key "name"
[Method: GET, Route: /]
in APPPATH/Views/home.php on line 16.
 1 APPPATH/Views/home.php(16): CodeIgniter\Debug\Exceptions->errorHandler(2, 'Undefined array key "name"', '/Applications/MAMP/htdocs/Escrow/app/Views/home.php', 16)
 2 SYSTEMPATH/View/View.php(240): include('/Applications/MAMP/htdocs/Escrow/app/Views/home.php')
 3 SYSTEMPATH/View/View.php(243): CodeIgniter\View\View->CodeIgniter\View\{closure}()
 4 SYSTEMPATH/Common.php(1268): CodeIgniter\View\View->render('home', [], true)
 5 APPPATH/Controllers/Home.php(18): view('home', [...])
 6 SYSTEMPATH/CodeIgniter.php(974): App\Controllers\Home->index()
 7 SYSTEMPATH/CodeIgniter.php(520): CodeIgniter\CodeIgniter->runController(Object(App\Controllers\Home))
 8 SYSTEMPATH/CodeIgniter.php(363): CodeIgniter\CodeIgniter->handleRequest(null, Object(Config\Cache), false)
 9 SYSTEMPATH/Boot.php(417): CodeIgniter\CodeIgniter->run()
10 SYSTEMPATH/Boot.php(68): CodeIgniter\Boot::runCodeIgniter(Object(CodeIgniter\CodeIgniter))
11 FCPATH/index.php(59): CodeIgniter\Boot::bootWeb(Object(Config\Paths))
CRITICAL - 2026-09-17 19:02:21 --> ErrorException: Undefined array key "name"
[Method: GET, Route: /]
in APPPATH/Views/home.php on line 16.
 1 APPPATH/Views/home.php(16): CodeIgniter\Debug\Exceptions->errorHandler(2, 'Undefined array key "name"', '/Applications/MAMP/htdocs/Escrow/app/Views/home.php', 16)
 2 SYSTEMPATH/View/View.php(240): include('/Applications/MAMP/htdocs/Escrow/app/Views/home.php')
 3 SYSTEMPATH/View/View.php(243): CodeIgniter\View\View->CodeIgniter\View\{closure}()
 4 SYSTEMPATH/Common.php(1268): CodeIgniter\View\View->render('home', [], true)
 5 APPPATH/Controllers/Home.php(18): view('home', [...])
 6 SYSTEMPATH/CodeIgniter.php(974): App\Controllers\Home->index()
 7 SYSTEMPATH/CodeIgniter.php(520): CodeIgniter\CodeIgniter->runController(Object(App\Controllers\Home))
 8 SYSTEMPATH/CodeIgniter.php(363): CodeIgniter\CodeIgniter->handleRequest(null, Object(Config\Cache), false)
 9 SYSTEMPATH/Boot.php(417): CodeIgniter\CodeIgniter->run()
10 SYSTEMPATH/Boot.php(68): CodeIgniter\Boot::runCodeIgniter(Object(CodeIgniter\CodeIgniter))
11 FCPATH/index.php(59): CodeIgniter\Boot::bootWeb(Object(Config\Paths))
CRITICAL - 2026-09-17 19:02:21 --> ErrorException: Undefined array key "name"
[Method: GET, Route: /]
in APPPATH/Views/home.php on line 16.
 1 APPPATH/Views/home.php(16): CodeIgniter\Debug\Exceptions->errorHandler(2, 'Undefined array key "name"', '/Applications/MAMP/htdocs/Escrow/app/Views/home.php', 16)
 2 SYSTEMPATH/View/View.php(240): include('/Applications/MAMP/htdocs/Escrow/app/Views/home.php')
 3 SYSTEMPATH/View/View.php(243): CodeIgniter\View\View->CodeIgniter\View\{closure}()
 4 SYSTEMPATH/Common.php(1268): CodeIgniter\View\View->render('home', [], true)
 5 APPPATH/Controllers/Home.php(18): view('home', [...])
 6 SYSTEMPATH/CodeIgniter.php(974): App\Controllers\Home->index()
 7 SYSTEMPATH/CodeIgniter.php(520): CodeIgniter\CodeIgniter->runController(Object(App\Controllers\Home))
 8 SYSTEMPATH/CodeIgniter.php(363): CodeIgniter\CodeIgniter->handleRequest(null, Object(Config\Cache), false)
 9 SYSTEMPATH/Boot.php(417): CodeIgniter\CodeIgniter->run()
10 SYSTEMPATH/Boot.php(68): CodeIgniter\Boot::runCodeIgniter(Object(CodeIgniter\CodeIgniter))
11 FCPATH/index.php(59): CodeIgniter\Boot::bootWeb(Object(Config\Paths))
CRITICAL - 2026-09-17 19:02:21 --> ErrorException: Undefined array key "name"
[Method: GET, Route: /]
in APPPATH/Views/home.php on line 16.
 1 APPPATH/Views/home.php(16): CodeIgniter\Debug\Exceptions->errorHandler(2, 'Undefined array key "name"', '/Applications/MAMP/htdocs/Escrow/app/Views/home.php', 16)
 2 SYSTEMPATH/View/View.php(240): include('/Applications/MAMP/htdocs/Escrow/app/Views/home.php')
 3 SYSTEMPATH/View/View.php(243): CodeIgniter\View\View->CodeIgniter\View\{closure}()
 4 SYSTEMPATH/Common.php(1268): CodeIgniter\View\View->render('home', [], true)
 5 APPPATH/Controllers/Home.php(18): view('home', [...])
 6 SYSTEMPATH/CodeIgniter.php(974): App\Controllers\Home->index()
 7 SYSTEMPATH/CodeIgniter.php(520): CodeIgniter\CodeIgniter->runController(Object(App\Controllers\Home))
 8 SYSTEMPATH/CodeIgniter.php(363): CodeIgniter\CodeIgniter->handleRequest(null, Object(Config\Cache), false)
 9 SYSTEMPATH/Boot.php(417): CodeIgniter\CodeIgniter->run()
10 SYSTEMPATH/Boot.php(68): CodeIgniter\Boot::runCodeIgniter(Object(CodeIgniter\CodeIgniter))
11 FCPATH/index.php(59): CodeIgniter\Boot::bootWeb(Object(Config\Paths))
CRITICAL - 2026-09-17 19:02:22 --> ErrorException: Undefined array key "name"
[Method: GET, Route: /]
in APPPATH/Views/home.php on line 16.
 1 APPPATH/Views/home.php(16): CodeIgniter\Debug\Exceptions->errorHandler(2, 'Undefined array key "name"', '/Applications/MAMP/htdocs/Escrow/app/Views/home.php', 16)
 2 SYSTEMPATH/View/View.php(240): include('/Applications/MAMP/htdocs/Escrow/app/Views/home.php')
 3 SYSTEMPATH/View/View.php(243): CodeIgniter\View\View->CodeIgniter\View\{closure}()
 4 SYSTEMPATH/Common.php(1268): CodeIgniter\View\View->render('home', [], true)
 5 APPPATH/Controllers/Home.php(18): view('home', [...])
 6 SYSTEMPATH/CodeIgniter.php(974): App\Controllers\Home->index()
 7 SYSTEMPATH/CodeIgniter.php(520): CodeIgniter\CodeIgniter->runController(Object(App\Controllers\Home))
 8 SYSTEMPATH/CodeIgniter.php(363): CodeIgniter\CodeIgniter->handleRequest(null, Object(Config\Cache), false)
 9 SYSTEMPATH/Boot.php(417): CodeIgniter\CodeIgniter->run()
10 SYSTEMPATH/Boot.php(68): CodeIgniter\Boot::runCodeIgniter(Object(CodeIgniter\CodeIgniter))
11 FCPATH/index.php(59): CodeIgniter\Boot::bootWeb(Object(Config\Paths))
CRITICAL - 2026-09-17 19:02:22 --> ErrorException: Undefined array key "name"
[Method: GET, Route: /]
in APPPATH/Views/home.php on line 16.
 1 APPPATH/Views/home.php(16): CodeIgniter\Debug\Exceptions->errorHandler(2, 'Undefined array key "name"', '/Applications/MAMP/htdocs/Escrow/app/Views/home.php', 16)
 2 SYSTEMPATH/View/View.php(240): include('/Applications/MAMP/htdocs/Escrow/app/Views/home.php')
 3 SYSTEMPATH/View/View.php(243): CodeIgniter\View\View->CodeIgniter\View\{closure}()
 4 SYSTEMPATH/Common.php(1268): CodeIgniter\View\View->render('home', [], true)
 5 APPPATH/Controllers/Home.php(18): view('home', [...])
 6 SYSTEMPATH/CodeIgniter.php(974): App\Controllers\Home->index()
 7 SYSTEMPATH/CodeIgniter.php(520): CodeIgniter\CodeIgniter->runController(Object(App\Controllers\Home))
 8 SYSTEMPATH/CodeIgniter.php(363): CodeIgniter\CodeIgniter->handleRequest(null, Object(Config\Cache), false)
 9 SYSTEMPATH/Boot.php(417): CodeIgniter\CodeIgniter->run()
10 SYSTEMPATH/Boot.php(68): CodeIgniter\Boot::runCodeIgniter(Object(CodeIgniter\CodeIgniter))
11 FCPATH/index.php(59): CodeIgniter\Boot::bootWeb(Object(Config\Paths))
CRITICAL - 2026-09-17 19:02:22 --> ErrorException: Undefined array key "name"
[Method: GET, Route: /]
in APPPATH/Views/home.php on line 16.
 1 APPPATH/Views/home.php(16): CodeIgniter\Debug\Exceptions->errorHandler(2, 'Undefined array key "name"', '/Applications/MAMP/htdocs/Escrow/app/Views/home.php', 16)
 2 SYSTEMPATH/View/View.php(240): include('/Applications/MAMP/htdocs/Escrow/app/Views/home.php')
 3 SYSTEMPATH/View/View.php(243): CodeIgniter\View\View->CodeIgniter\View\{closure}()
 4 SYSTEMPATH/Common.php(1268): CodeIgniter\View\View->render('home', [], true)
 5 APPPATH/Controllers/Home.php(18): view('home', [...])
 6 SYSTEMPATH/CodeIgniter.php(974): App\Controllers\Home->index()
 7 SYSTEMPATH/CodeIgniter.php(520): CodeIgniter\CodeIgniter->runController(Object(App\Controllers\Home))
 8 SYSTEMPATH/CodeIgniter.php(363): CodeIgniter\CodeIgniter->handleRequest(null, Object(Config\Cache), false)
 9 SYSTEMPATH/Boot.php(417): CodeIgniter\CodeIgniter->run()
10 SYSTEMPATH/Boot.php(68): CodeIgniter\Boot::runCodeIgniter(Object(CodeIgniter\CodeIgniter))
11 FCPATH/index.php(59): CodeIgniter\Boot::bootWeb(Object(Config\Paths))
CRITICAL - 2026-09-17 19:02:49 --> ErrorException: Undefined array key "name"
[Method: GET, Route: /]
in APPPATH/Views/home.php on line 16.
 1 APPPATH/Views/home.php(16): CodeIgniter\Debug\Exceptions->errorHandler(2, 'Undefined array key "name"', '/Applications/MAMP/htdocs/Escrow/app/Views/home.php', 16)
 2 SYSTEMPATH/View/View.php(240): include('/Applications/MAMP/htdocs/Escrow/app/Views/home.php')
 3 SYSTEMPATH/View/View.php(243): CodeIgniter\View\View->CodeIgniter\View\{closure}()
 4 SYSTEMPATH/Common.php(1268): CodeIgniter\View\View->render('home', [], true)
 5 APPPATH/Controllers/Home.php(18): view('home', [...])
 6 SYSTEMPATH/CodeIgniter.php(974): App\Controllers\Home->index()
 7 SYSTEMPATH/CodeIgniter.php(520): CodeIgniter\CodeIgniter->runController(Object(App\Controllers\Home))
 8 SYSTEMPATH/CodeIgniter.php(363): CodeIgniter\CodeIgniter->handleRequest(null, Object(Config\Cache), false)
 9 SYSTEMPATH/Boot.php(417): CodeIgniter\CodeIgniter->run()
10 SYSTEMPATH/Boot.php(68): CodeIgniter\Boot::runCodeIgniter(Object(CodeIgniter\CodeIgniter))
11 FCPATH/index.php(59): CodeIgniter\Boot::bootWeb(Object(Config\Paths))
CRITICAL - 2026-09-17 19:31:57 --> TypeError: Cannot access offset of type string on string
[Method: GET, Route: testUser/1]
in APPPATH/Views/testUser.php on line 14.
 1 SYSTEMPATH/View/View.php(240): include()
 2 SYSTEMPATH/View/View.php(243): CodeIgniter\View\View->CodeIgniter\View\{closure}()
 3 SYSTEMPATH/Common.php(1268): CodeIgniter\View\View->render('testUser', [], true)
 4 APPPATH/Controllers/Home.php(19): view('testUser', [...])
 5 SYSTEMPATH/CodeIgniter.php(974): App\Controllers\Home->testUser('1')
 6 SYSTEMPATH/CodeIgniter.php(520): CodeIgniter\CodeIgniter->runController(Object(App\Controllers\Home))
 7 SYSTEMPATH/CodeIgniter.php(363): CodeIgniter\CodeIgniter->handleRequest(null, Object(Config\Cache), false)
 8 SYSTEMPATH/Boot.php(417): CodeIgniter\CodeIgniter->run()
 9 SYSTEMPATH/Boot.php(68): CodeIgniter\Boot::runCodeIgniter(Object(CodeIgniter\CodeIgniter))
10 FCPATH/index.php(59): CodeIgniter\Boot::bootWeb(Object(Config\Paths))
CRITICAL - 2026-09-17 19:32:18 --> TypeError: Cannot access offset of type string on string
[Method: GET, Route: testUser/1]
in APPPATH/Views/testUser.php on line 14.
 1 SYSTEMPATH/View/View.php(240): include()
 2 SYSTEMPATH/View/View.php(243): CodeIgniter\View\View->CodeIgniter\View\{closure}()
 3 SYSTEMPATH/Common.php(1268): CodeIgniter\View\View->render('testUser', [], true)
 4 APPPATH/Controllers/Home.php(19): view('testUser', [...])
 5 SYSTEMPATH/CodeIgniter.php(974): App\Controllers\Home->testUser('1')
 6 SYSTEMPATH/CodeIgniter.php(520): CodeIgniter\CodeIgniter->runController(Object(App\Controllers\Home))
 7 SYSTEMPATH/CodeIgniter.php(363): CodeIgniter\CodeIgniter->handleRequest(null, Object(Config\Cache), false)
 8 SYSTEMPATH/Boot.php(417): CodeIgniter\CodeIgniter->run()
 9 SYSTEMPATH/Boot.php(68): CodeIgniter\Boot::runCodeIgniter(Object(CodeIgniter\CodeIgniter))
10 FCPATH/index.php(59): CodeIgniter\Boot::bootWeb(Object(Config\Paths))
CRITICAL - 2026-09-17 19:32:57 --> TypeError: Cannot access offset of type string on string
[Method: GET, Route: testUser/1]
in APPPATH/Views/testUser.php on line 14.
 1 SYSTEMPATH/View/View.php(240): include()
 2 SYSTEMPATH/View/View.php(243): CodeIgniter\View\View->CodeIgniter\View\{closure}()
 3 SYSTEMPATH/Common.php(1268): CodeIgniter\View\View->render('testUser', [], true)
 4 APPPATH/Controllers/Home.php(19): view('testUser', [...])
 5 SYSTEMPATH/CodeIgniter.php(974): App\Controllers\Home->testUser('1')
 6 SYSTEMPATH/CodeIgniter.php(520): CodeIgniter\CodeIgniter->runController(Object(App\Controllers\Home))
 7 SYSTEMPATH/CodeIgniter.php(363): CodeIgniter\CodeIgniter->handleRequest(null, Object(Config\Cache), false)
 8 SYSTEMPATH/Boot.php(417): CodeIgniter\CodeIgniter->run()
 9 SYSTEMPATH/Boot.php(68): CodeIgniter\Boot::runCodeIgniter(Object(CodeIgniter\CodeIgniter))
10 FCPATH/index.php(59): CodeIgniter\Boot::bootWeb(Object(Config\Paths))
CRITICAL - 2026-09-17 19:32:57 --> TypeError: Cannot access offset of type string on string
[Method: GET, Route: testUser/1]
in APPPATH/Views/testUser.php on line 14.
 1 SYSTEMPATH/View/View.php(240): include()
 2 SYSTEMPATH/View/View.php(243): CodeIgniter\View\View->CodeIgniter\View\{closure}()
 3 SYSTEMPATH/Common.php(1268): CodeIgniter\View\View->render('testUser', [], true)
 4 APPPATH/Controllers/Home.php(19): view('testUser', [...])
 5 SYSTEMPATH/CodeIgniter.php(974): App\Controllers\Home->testUser('1')
 6 SYSTEMPATH/CodeIgniter.php(520): CodeIgniter\CodeIgniter->runController(Object(App\Controllers\Home))
 7 SYSTEMPATH/CodeIgniter.php(363): CodeIgniter\CodeIgniter->handleRequest(null, Object(Config\Cache), false)
 8 SYSTEMPATH/Boot.php(417): CodeIgniter\CodeIgniter->run()
 9 SYSTEMPATH/Boot.php(68): CodeIgniter\Boot::runCodeIgniter(Object(CodeIgniter\CodeIgniter))
10 FCPATH/index.php(59): CodeIgniter\Boot::bootWeb(Object(Config\Paths))
CRITICAL - 2026-09-17 19:32:58 --> TypeError: Cannot access offset of type string on string
[Method: GET, Route: testUser/1]
in APPPATH/Views/testUser.php on line 14.
 1 SYSTEMPATH/View/View.php(240): include()
 2 SYSTEMPATH/View/View.php(243): CodeIgniter\View\View->CodeIgniter\View\{closure}()
 3 SYSTEMPATH/Common.php(1268): CodeIgniter\View\View->render('testUser', [], true)
 4 APPPATH/Controllers/Home.php(19): view('testUser', [...])
 5 SYSTEMPATH/CodeIgniter.php(974): App\Controllers\Home->testUser('1')
 6 SYSTEMPATH/CodeIgniter.php(520): CodeIgniter\CodeIgniter->runController(Object(App\Controllers\Home))
 7 SYSTEMPATH/CodeIgniter.php(363): CodeIgniter\CodeIgniter->handleRequest(null, Object(Config\Cache), false)
 8 SYSTEMPATH/Boot.php(417): CodeIgniter\CodeIgniter->run()
 9 SYSTEMPATH/Boot.php(68): CodeIgniter\Boot::runCodeIgniter(Object(CodeIgniter\CodeIgniter))
10 FCPATH/index.php(59): CodeIgniter\Boot::bootWeb(Object(Config\Paths))
CRITICAL - 2026-09-17 19:35:57 --> TypeError: Cannot access offset of type string on string
[Method: GET, Route: testUser/1]
in APPPATH/Views/testUser.php on line 14.
 1 SYSTEMPATH/View/View.php(240): include()
 2 SYSTEMPATH/View/View.php(243): CodeIgniter\View\View->CodeIgniter\View\{closure}()
 3 SYSTEMPATH/Common.php(1268): CodeIgniter\View\View->render('testUser', [], true)
 4 APPPATH/Controllers/Home.php(19): view('testUser', [...])
 5 SYSTEMPATH/CodeIgniter.php(974): App\Controllers\Home->testUser('1')
 6 SYSTEMPATH/CodeIgniter.php(520): CodeIgniter\CodeIgniter->runController(Object(App\Controllers\Home))
 7 SYSTEMPATH/CodeIgniter.php(363): CodeIgniter\CodeIgniter->handleRequest(null, Object(Config\Cache), false)
 8 SYSTEMPATH/Boot.php(417): CodeIgniter\CodeIgniter->run()
 9 SYSTEMPATH/Boot.php(68): CodeIgniter\Boot::runCodeIgniter(Object(CodeIgniter\CodeIgniter))
10 FCPATH/index.php(59): CodeIgniter\Boot::bootWeb(Object(Config\Paths))
CRITICAL - 2026-09-17 19:36:01 --> TypeError: Cannot access offset of type string on string
[Method: GET, Route: testUser/1]
in APPPATH/Views/testUser.php on line 14.
 1 SYSTEMPATH/View/View.php(240): include()
 2 SYSTEMPATH/View/View.php(243): CodeIgniter\View\View->CodeIgniter\View\{closure}()
 3 SYSTEMPATH/Common.php(1268): CodeIgniter\View\View->render('testUser', [], true)
 4 APPPATH/Controllers/Home.php(19): view('testUser', [...])
 5 SYSTEMPATH/CodeIgniter.php(974): App\Controllers\Home->testUser('1')
 6 SYSTEMPATH/CodeIgniter.php(520): CodeIgniter\CodeIgniter->runController(Object(App\Controllers\Home))
 7 SYSTEMPATH/CodeIgniter.php(363): CodeIgniter\CodeIgniter->handleRequest(null, Object(Config\Cache), false)
 8 SYSTEMPATH/Boot.php(417): CodeIgniter\CodeIgniter->run()
 9 SYSTEMPATH/Boot.php(68): CodeIgniter\Boot::runCodeIgniter(Object(CodeIgniter\CodeIgniter))
10 FCPATH/index.php(59): CodeIgniter\Boot::bootWeb(Object(Config\Paths))
CRITICAL - 2026-09-17 19:36:10 --> TypeError: Cannot access offset of type string on string
[Method: GET, Route: testUser/1]
in APPPATH/Views/testUser.php on line 14.
 1 SYSTEMPATH/View/View.php(240): include()
 2 SYSTEMPATH/View/View.php(243): CodeIgniter\View\View->CodeIgniter\View\{closure}()
 3 SYSTEMPATH/Common.php(1268): CodeIgniter\View\View->render('testUser', [], true)
 4 APPPATH/Controllers/Home.php(19): view('testUser', [...])
 5 SYSTEMPATH/CodeIgniter.php(974): App\Controllers\Home->testUser('1')
 6 SYSTEMPATH/CodeIgniter.php(520): CodeIgniter\CodeIgniter->runController(Object(App\Controllers\Home))
 7 SYSTEMPATH/CodeIgniter.php(363): CodeIgniter\CodeIgniter->handleRequest(null, Object(Config\Cache), false)
 8 SYSTEMPATH/Boot.php(417): CodeIgniter\CodeIgniter->run()
 9 SYSTEMPATH/Boot.php(68): CodeIgniter\Boot::runCodeIgniter(Object(CodeIgniter\CodeIgniter))
10 FCPATH/index.php(59): CodeIgniter\Boot::bootWeb(Object(Config\Paths))
CRITICAL - 2026-09-17 19:36:19 --> TypeError: Cannot access offset of type string on string
[Method: GET, Route: testUser/2]
in APPPATH/Views/testUser.php on line 14.
 1 SYSTEMPATH/View/View.php(240): include()
 2 SYSTEMPATH/View/View.php(243): CodeIgniter\View\View->CodeIgniter\View\{closure}()
 3 SYSTEMPATH/Common.php(1268): CodeIgniter\View\View->render('testUser', [], true)
 4 APPPATH/Controllers/Home.php(19): view('testUser', [...])
 5 SYSTEMPATH/CodeIgniter.php(974): App\Controllers\Home->testUser('2')
 6 SYSTEMPATH/CodeIgniter.php(520): CodeIgniter\CodeIgniter->runController(Object(App\Controllers\Home))
 7 SYSTEMPATH/CodeIgniter.php(363): CodeIgniter\CodeIgniter->handleRequest(null, Object(Config\Cache), false)
 8 SYSTEMPATH/Boot.php(417): CodeIgniter\CodeIgniter->run()
 9 SYSTEMPATH/Boot.php(68): CodeIgniter\Boot::runCodeIgniter(Object(CodeIgniter\CodeIgniter))
10 FCPATH/index.php(59): CodeIgniter\Boot::bootWeb(Object(Config\Paths))
CRITICAL - 2026-09-17 19:36:24 --> TypeError: Cannot access offset of type string on string
[Method: GET, Route: testUser/1]
in APPPATH/Views/testUser.php on line 14.
 1 SYSTEMPATH/View/View.php(240): include()
 2 SYSTEMPATH/View/View.php(243): CodeIgniter\View\View->CodeIgniter\View\{closure}()
 3 SYSTEMPATH/Common.php(1268): CodeIgniter\View\View->render('testUser', [], true)
 4 APPPATH/Controllers/Home.php(19): view('testUser', [...])
 5 SYSTEMPATH/CodeIgniter.php(974): App\Controllers\Home->testUser('1')
 6 SYSTEMPATH/CodeIgniter.php(520): CodeIgniter\CodeIgniter->runController(Object(App\Controllers\Home))
 7 SYSTEMPATH/CodeIgniter.php(363): CodeIgniter\CodeIgniter->handleRequest(null, Object(Config\Cache), false)
 8 SYSTEMPATH/Boot.php(417): CodeIgniter\CodeIgniter->run()
 9 SYSTEMPATH/Boot.php(68): CodeIgniter\Boot::runCodeIgniter(Object(CodeIgniter\CodeIgniter))
10 FCPATH/index.php(59): CodeIgniter\Boot::bootWeb(Object(Config\Paths))
CRITICAL - 2026-09-17 19:42:28 --> Error: Undefined constant "Bootstrap"
[Method: GET, Route: testUser/1]
in APPPATH/Views/testUser.php on line 12.
 1 SYSTEMPATH/View/View.php(240): include()
 2 SYSTEMPATH/View/View.php(243): CodeIgniter\View\View->CodeIgniter\View\{closure}()
 3 SYSTEMPATH/Common.php(1268): CodeIgniter\View\View->render('testUser', [], true)
 4 APPPATH/Controllers/Home.php(19): view('testUser', [...])
 5 SYSTEMPATH/CodeIgniter.php(974): App\Controllers\Home->testUser('1')
 6 SYSTEMPATH/CodeIgniter.php(520): CodeIgniter\CodeIgniter->runController(Object(App\Controllers\Home))
 7 SYSTEMPATH/CodeIgniter.php(363): CodeIgniter\CodeIgniter->handleRequest(null, Object(Config\Cache), false)
 8 SYSTEMPATH/Boot.php(417): CodeIgniter\CodeIgniter->run()
 9 SYSTEMPATH/Boot.php(68): CodeIgniter\Boot::runCodeIgniter(Object(CodeIgniter\CodeIgniter))
10 FCPATH/index.php(59): CodeIgniter\Boot::bootWeb(Object(Config\Paths))
CRITICAL - 2026-09-17 19:42:29 --> Error: Undefined constant "Bootstrap"
[Method: GET, Route: testUser/1]
in APPPATH/Views/testUser.php on line 12.
 1 SYSTEMPATH/View/View.php(240): include()
 2 SYSTEMPATH/View/View.php(243): CodeIgniter\View\View->CodeIgniter\View\{closure}()
 3 SYSTEMPATH/Common.php(1268): CodeIgniter\View\View->render('testUser', [], true)
 4 APPPATH/Controllers/Home.php(19): view('testUser', [...])
 5 SYSTEMPATH/CodeIgniter.php(974): App\Controllers\Home->testUser('1')
 6 SYSTEMPATH/CodeIgniter.php(520): CodeIgniter\CodeIgniter->runController(Object(App\Controllers\Home))
 7 SYSTEMPATH/CodeIgniter.php(363): CodeIgniter\CodeIgniter->handleRequest(null, Object(Config\Cache), false)
 8 SYSTEMPATH/Boot.php(417): CodeIgniter\CodeIgniter->run()
 9 SYSTEMPATH/Boot.php(68): CodeIgniter\Boot::runCodeIgniter(Object(CodeIgniter\CodeIgniter))
10 FCPATH/index.php(59): CodeIgniter\Boot::bootWeb(Object(Config\Paths))
CRITICAL - 2026-09-17 19:43:38 --> TypeError: Cannot access offset of type string on string
[Method: GET, Route: testUser/2]
in APPPATH/Views/testUser.php on line 14.
 1 SYSTEMPATH/View/View.php(240): include()
 2 SYSTEMPATH/View/View.php(243): CodeIgniter\View\View->CodeIgniter\View\{closure}()
 3 SYSTEMPATH/Common.php(1268): CodeIgniter\View\View->render('testUser', [], true)
 4 APPPATH/Controllers/Home.php(19): view('testUser', [...])
 5 SYSTEMPATH/CodeIgniter.php(974): App\Controllers\Home->testUser('2')
 6 SYSTEMPATH/CodeIgniter.php(520): CodeIgniter\CodeIgniter->runController(Object(App\Controllers\Home))
 7 SYSTEMPATH/CodeIgniter.php(363): CodeIgniter\CodeIgniter->handleRequest(null, Object(Config\Cache), false)
 8 SYSTEMPATH/Boot.php(417): CodeIgniter\CodeIgniter->run()
 9 SYSTEMPATH/Boot.php(68): CodeIgniter\Boot::runCodeIgniter(Object(CodeIgniter\CodeIgniter))
10 FCPATH/index.php(59): CodeIgniter\Boot::bootWeb(Object(Config\Paths))
CRITICAL - 2026-09-17 19:43:39 --> TypeError: Cannot access offset of type string on string
[Method: GET, Route: testUser/2]
in APPPATH/Views/testUser.php on line 14.
 1 SYSTEMPATH/View/View.php(240): include()
 2 SYSTEMPATH/View/View.php(243): CodeIgniter\View\View->CodeIgniter\View\{closure}()
 3 SYSTEMPATH/Common.php(1268): CodeIgniter\View\View->render('testUser', [], true)
 4 APPPATH/Controllers/Home.php(19): view('testUser', [...])
 5 SYSTEMPATH/CodeIgniter.php(974): App\Controllers\Home->testUser('2')
 6 SYSTEMPATH/CodeIgniter.php(520): CodeIgniter\CodeIgniter->runController(Object(App\Controllers\Home))
 7 SYSTEMPATH/CodeIgniter.php(363): CodeIgniter\CodeIgniter->handleRequest(null, Object(Config\Cache), false)
 8 SYSTEMPATH/Boot.php(417): CodeIgniter\CodeIgniter->run()
 9 SYSTEMPATH/Boot.php(68): CodeIgniter\Boot::runCodeIgniter(Object(CodeIgniter\CodeIgniter))
10 FCPATH/index.php(59): CodeIgniter\Boot::bootWeb(Object(Config\Paths))
CRITICAL - 2026-09-17 19:43:39 --> TypeError: Cannot access offset of type string on string
[Method: GET, Route: testUser/2]
in APPPATH/Views/testUser.php on line 14.
 1 SYSTEMPATH/View/View.php(240): include()
 2 SYSTEMPATH/View/View.php(243): CodeIgniter\View\View->CodeIgniter\View\{closure}()
 3 SYSTEMPATH/Common.php(1268): CodeIgniter\View\View->render('testUser', [], true)
 4 APPPATH/Controllers/Home.php(19): view('testUser', [...])
 5 SYSTEMPATH/CodeIgniter.php(974): App\Controllers\Home->testUser('2')
 6 SYSTEMPATH/CodeIgniter.php(520): CodeIgniter\CodeIgniter->runController(Object(App\Controllers\Home))
 7 SYSTEMPATH/CodeIgniter.php(363): CodeIgniter\CodeIgniter->handleRequest(null, Object(Config\Cache), false)
 8 SYSTEMPATH/Boot.php(417): CodeIgniter\CodeIgniter->run()
 9 SYSTEMPATH/Boot.php(68): CodeIgniter\Boot::runCodeIgniter(Object(CodeIgniter\CodeIgniter))
10 FCPATH/index.php(59): CodeIgniter\Boot::bootWeb(Object(Config\Paths))
CRITICAL - 2026-09-17 19:43:39 --> TypeError: Cannot access offset of type string on string
[Method: GET, Route: testUser/2]
in APPPATH/Views/testUser.php on line 14.
 1 SYSTEMPATH/View/View.php(240): include()
 2 SYSTEMPATH/View/View.php(243): CodeIgniter\View\View->CodeIgniter\View\{closure}()
 3 SYSTEMPATH/Common.php(1268): CodeIgniter\View\View->render('testUser', [], true)
 4 APPPATH/Controllers/Home.php(19): view('testUser', [...])
 5 SYSTEMPATH/CodeIgniter.php(974): App\Controllers\Home->testUser('2')
 6 SYSTEMPATH/CodeIgniter.php(520): CodeIgniter\CodeIgniter->runController(Object(App\Controllers\Home))
 7 SYSTEMPATH/CodeIgniter.php(363): CodeIgniter\CodeIgniter->handleRequest(null, Object(Config\Cache), false)
 8 SYSTEMPATH/Boot.php(417): CodeIgniter\CodeIgniter->run()
 9 SYSTEMPATH/Boot.php(68): CodeIgniter\Boot::runCodeIgniter(Object(CodeIgniter\CodeIgniter))
10 FCPATH/index.php(59): CodeIgniter\Boot::bootWeb(Object(Config\Paths))
CRITICAL - 2026-09-17 19:43:39 --> TypeError: Cannot access offset of type string on string
[Method: GET, Route: testUser/2]
in APPPATH/Views/testUser.php on line 14.
 1 SYSTEMPATH/View/View.php(240): include()
 2 SYSTEMPATH/View/View.php(243): CodeIgniter\View\View->CodeIgniter\View\{closure}()
 3 SYSTEMPATH/Common.php(1268): CodeIgniter\View\View->render('testUser', [], true)
 4 APPPATH/Controllers/Home.php(19): view('testUser', [...])
 5 SYSTEMPATH/CodeIgniter.php(974): App\Controllers\Home->testUser('2')
 6 SYSTEMPATH/CodeIgniter.php(520): CodeIgniter\CodeIgniter->runController(Object(App\Controllers\Home))
 7 SYSTEMPATH/CodeIgniter.php(363): CodeIgniter\CodeIgniter->handleRequest(null, Object(Config\Cache), false)
 8 SYSTEMPATH/Boot.php(417): CodeIgniter\CodeIgniter->run()
 9 SYSTEMPATH/Boot.php(68): CodeIgniter\Boot::runCodeIgniter(Object(CodeIgniter\CodeIgniter))
10 FCPATH/index.php(59): CodeIgniter\Boot::bootWeb(Object(Config\Paths))
CRITICAL - 2026-09-17 19:43:40 --> TypeError: Cannot access offset of type string on string
[Method: GET, Route: testUser/2]
in APPPATH/Views/testUser.php on line 14.
 1 SYSTEMPATH/View/View.php(240): include()
 2 SYSTEMPATH/View/View.php(243): CodeIgniter\View\View->CodeIgniter\View\{closure}()
 3 SYSTEMPATH/Common.php(1268): CodeIgniter\View\View->render('testUser', [], true)
 4 APPPATH/Controllers/Home.php(19): view('testUser', [...])
 5 SYSTEMPATH/CodeIgniter.php(974): App\Controllers\Home->testUser('2')
 6 SYSTEMPATH/CodeIgniter.php(520): CodeIgniter\CodeIgniter->runController(Object(App\Controllers\Home))
 7 SYSTEMPATH/CodeIgniter.php(363): CodeIgniter\CodeIgniter->handleRequest(null, Object(Config\Cache), false)
 8 SYSTEMPATH/Boot.php(417): CodeIgniter\CodeIgniter->run()
 9 SYSTEMPATH/Boot.php(68): CodeIgniter\Boot::runCodeIgniter(Object(CodeIgniter\CodeIgniter))
10 FCPATH/index.php(59): CodeIgniter\Boot::bootWeb(Object(Config\Paths))
CRITICAL - 2026-09-17 19:43:40 --> TypeError: Cannot access offset of type string on string
[Method: GET, Route: testUser/2]
in APPPATH/Views/testUser.php on line 14.
 1 SYSTEMPATH/View/View.php(240): include()
 2 SYSTEMPATH/View/View.php(243): CodeIgniter\View\View->CodeIgniter\View\{closure}()
 3 SYSTEMPATH/Common.php(1268): CodeIgniter\View\View->render('testUser', [], true)
 4 APPPATH/Controllers/Home.php(19): view('testUser', [...])
 5 SYSTEMPATH/CodeIgniter.php(974): App\Controllers\Home->testUser('2')
 6 SYSTEMPATH/CodeIgniter.php(520): CodeIgniter\CodeIgniter->runController(Object(App\Controllers\Home))
 7 SYSTEMPATH/CodeIgniter.php(363): CodeIgniter\CodeIgniter->handleRequest(null, Object(Config\Cache), false)
 8 SYSTEMPATH/Boot.php(417): CodeIgniter\CodeIgniter->run()
 9 SYSTEMPATH/Boot.php(68): CodeIgniter\Boot::runCodeIgniter(Object(CodeIgniter\CodeIgniter))
10 FCPATH/index.php(59): CodeIgniter\Boot::bootWeb(Object(Config\Paths))
CRITICAL - 2026-09-17 19:43:40 --> TypeError: Cannot access offset of type string on string
[Method: GET, Route: testUser/2]
in APPPATH/Views/testUser.php on line 14.
 1 SYSTEMPATH/View/View.php(240): include()
 2 SYSTEMPATH/View/View.php(243): CodeIgniter\View\View->CodeIgniter\View\{closure}()
 3 SYSTEMPATH/Common.php(1268): CodeIgniter\View\View->render('testUser', [], true)
 4 APPPATH/Controllers/Home.php(19): view('testUser', [...])
 5 SYSTEMPATH/CodeIgniter.php(974): App\Controllers\Home->testUser('2')
 6 SYSTEMPATH/CodeIgniter.php(520): CodeIgniter\CodeIgniter->runController(Object(App\Controllers\Home))
 7 SYSTEMPATH/CodeIgniter.php(363): CodeIgniter\CodeIgniter->handleRequest(null, Object(Config\Cache), false)
 8 SYSTEMPATH/Boot.php(417): CodeIgniter\CodeIgniter->run()
 9 SYSTEMPATH/Boot.php(68): CodeIgniter\Boot::runCodeIgniter(Object(CodeIgniter\CodeIgniter))
10 FCPATH/index.php(59): CodeIgniter\Boot::bootWeb(Object(Config\Paths))
CRITICAL - 2026-09-17 19:44:29 --> TypeError: Cannot access offset of type string on string
[Method: GET, Route: testUser/2]
in APPPATH/Views/testUser.php on line 14.
 1 SYSTEMPATH/View/View.php(240): include()
 2 SYSTEMPATH/View/View.php(243): CodeIgniter\View\View->CodeIgniter\View\{closure}()
 3 SYSTEMPATH/Common.php(1268): CodeIgniter\View\View->render('testUser', [], true)
 4 APPPATH/Controllers/Home.php(19): view('testUser', [...])
 5 SYSTEMPATH/CodeIgniter.php(974): App\Controllers\Home->testUser('2')
 6 SYSTEMPATH/CodeIgniter.php(520): CodeIgniter\CodeIgniter->runController(Object(App\Controllers\Home))
 7 SYSTEMPATH/CodeIgniter.php(363): CodeIgniter\CodeIgniter->handleRequest(null, Object(Config\Cache), false)
 8 SYSTEMPATH/Boot.php(417): CodeIgniter\CodeIgniter->run()
 9 SYSTEMPATH/Boot.php(68): CodeIgniter\Boot::runCodeIgniter(Object(CodeIgniter\CodeIgniter))
10 FCPATH/index.php(59): CodeIgniter\Boot::bootWeb(Object(Config\Paths))
CRITICAL - 2026-09-17 19:44:29 --> TypeError: Cannot access offset of type string on string
[Method: GET, Route: testUser/2]
in APPPATH/Views/testUser.php on line 14.
 1 SYSTEMPATH/View/View.php(240): include()
 2 SYSTEMPATH/View/View.php(243): CodeIgniter\View\View->CodeIgniter\View\{closure}()
 3 SYSTEMPATH/Common.php(1268): CodeIgniter\View\View->render('testUser', [], true)
 4 APPPATH/Controllers/Home.php(19): view('testUser', [...])
 5 SYSTEMPATH/CodeIgniter.php(974): App\Controllers\Home->testUser('2')
 6 SYSTEMPATH/CodeIgniter.php(520): CodeIgniter\CodeIgniter->runController(Object(App\Controllers\Home))
 7 SYSTEMPATH/CodeIgniter.php(363): CodeIgniter\CodeIgniter->handleRequest(null, Object(Config\Cache), false)
 8 SYSTEMPATH/Boot.php(417): CodeIgniter\CodeIgniter->run()
 9 SYSTEMPATH/Boot.php(68): CodeIgniter\Boot::runCodeIgniter(Object(CodeIgniter\CodeIgniter))
10 FCPATH/index.php(59): CodeIgniter\Boot::bootWeb(Object(Config\Paths))
CRITICAL - 2026-09-17 19:44:30 --> TypeError: Cannot access offset of type string on string
[Method: GET, Route: testUser/2]
in APPPATH/Views/testUser.php on line 14.
 1 SYSTEMPATH/View/View.php(240): include()
 2 SYSTEMPATH/View/View.php(243): CodeIgniter\View\View->CodeIgniter\View\{closure}()
 3 SYSTEMPATH/Common.php(1268): CodeIgniter\View\View->render('testUser', [], true)
 4 APPPATH/Controllers/Home.php(19): view('testUser', [...])
 5 SYSTEMPATH/CodeIgniter.php(974): App\Controllers\Home->testUser('2')
 6 SYSTEMPATH/CodeIgniter.php(520): CodeIgniter\CodeIgniter->runController(Object(App\Controllers\Home))
 7 SYSTEMPATH/CodeIgniter.php(363): CodeIgniter\CodeIgniter->handleRequest(null, Object(Config\Cache), false)
 8 SYSTEMPATH/Boot.php(417): CodeIgniter\CodeIgniter->run()
 9 SYSTEMPATH/Boot.php(68): CodeIgniter\Boot::runCodeIgniter(Object(CodeIgniter\CodeIgniter))
10 FCPATH/index.php(59): CodeIgniter\Boot::bootWeb(Object(Config\Paths))
CRITICAL - 2026-09-17 19:44:30 --> TypeError: Cannot access offset of type string on string
[Method: GET, Route: testUser/2]
in APPPATH/Views/testUser.php on line 14.
 1 SYSTEMPATH/View/View.php(240): include()
 2 SYSTEMPATH/View/View.php(243): CodeIgniter\View\View->CodeIgniter\View\{closure}()
 3 SYSTEMPATH/Common.php(1268): CodeIgniter\View\View->render('testUser', [], true)
 4 APPPATH/Controllers/Home.php(19): view('testUser', [...])
 5 SYSTEMPATH/CodeIgniter.php(974): App\Controllers\Home->testUser('2')
 6 SYSTEMPATH/CodeIgniter.php(520): CodeIgniter\CodeIgniter->runController(Object(App\Controllers\Home))
 7 SYSTEMPATH/CodeIgniter.php(363): CodeIgniter\CodeIgniter->handleRequest(null, Object(Config\Cache), false)
 8 SYSTEMPATH/Boot.php(417): CodeIgniter\CodeIgniter->run()
 9 SYSTEMPATH/Boot.php(68): CodeIgniter\Boot::runCodeIgniter(Object(CodeIgniter\CodeIgniter))
10 FCPATH/index.php(59): CodeIgniter\Boot::bootWeb(Object(Config\Paths))
CRITICAL - 2026-09-17 19:44:31 --> TypeError: Cannot access offset of type string on string
[Method: GET, Route: testUser/2]
in APPPATH/Views/testUser.php on line 14.
 1 SYSTEMPATH/View/View.php(240): include()
 2 SYSTEMPATH/View/View.php(243): CodeIgniter\View\View->CodeIgniter\View\{closure}()
 3 SYSTEMPATH/Common.php(1268): CodeIgniter\View\View->render('testUser', [], true)
 4 APPPATH/Controllers/Home.php(19): view('testUser', [...])
 5 SYSTEMPATH/CodeIgniter.php(974): App\Controllers\Home->testUser('2')
 6 SYSTEMPATH/CodeIgniter.php(520): CodeIgniter\CodeIgniter->runController(Object(App\Controllers\Home))
 7 SYSTEMPATH/CodeIgniter.php(363): CodeIgniter\CodeIgniter->handleRequest(null, Object(Config\Cache), false)
 8 SYSTEMPATH/Boot.php(417): CodeIgniter\CodeIgniter->run()
 9 SYSTEMPATH/Boot.php(68): CodeIgniter\Boot::runCodeIgniter(Object(CodeIgniter\CodeIgniter))
10 FCPATH/index.php(59): CodeIgniter\Boot::bootWeb(Object(Config\Paths))
CRITICAL - 2026-09-17 19:44:31 --> TypeError: Cannot access offset of type string on string
[Method: GET, Route: testUser/2]
in APPPATH/Views/testUser.php on line 14.
 1 SYSTEMPATH/View/View.php(240): include()
 2 SYSTEMPATH/View/View.php(243): CodeIgniter\View\View->CodeIgniter\View\{closure}()
 3 SYSTEMPATH/Common.php(1268): CodeIgniter\View\View->render('testUser', [], true)
 4 APPPATH/Controllers/Home.php(19): view('testUser', [...])
 5 SYSTEMPATH/CodeIgniter.php(974): App\Controllers\Home->testUser('2')
 6 SYSTEMPATH/CodeIgniter.php(520): CodeIgniter\CodeIgniter->runController(Object(App\Controllers\Home))
 7 SYSTEMPATH/CodeIgniter.php(363): CodeIgniter\CodeIgniter->handleRequest(null, Object(Config\Cache), false)
 8 SYSTEMPATH/Boot.php(417): CodeIgniter\CodeIgniter->run()
 9 SYSTEMPATH/Boot.php(68): CodeIgniter\Boot::runCodeIgniter(Object(CodeIgniter\CodeIgniter))
10 FCPATH/index.php(59): CodeIgniter\Boot::bootWeb(Object(Config\Paths))
CRITICAL - 2026-09-17 19:44:32 --> TypeError: Cannot access offset of type string on string
[Method: GET, Route: testUser/2]
in APPPATH/Views/testUser.php on line 14.
 1 SYSTEMPATH/View/View.php(240): include()
 2 SYSTEMPATH/View/View.php(243): CodeIgniter\View\View->CodeIgniter\View\{closure}()
 3 SYSTEMPATH/Common.php(1268): CodeIgniter\View\View->render('testUser', [], true)
 4 APPPATH/Controllers/Home.php(19): view('testUser', [...])
 5 SYSTEMPATH/CodeIgniter.php(974): App\Controllers\Home->testUser('2')
 6 SYSTEMPATH/CodeIgniter.php(520): CodeIgniter\CodeIgniter->runController(Object(App\Controllers\Home))
 7 SYSTEMPATH/CodeIgniter.php(363): CodeIgniter\CodeIgniter->handleRequest(null, Object(Config\Cache), false)
 8 SYSTEMPATH/Boot.php(417): CodeIgniter\CodeIgniter->run()
 9 SYSTEMPATH/Boot.php(68): CodeIgniter\Boot::runCodeIgniter(Object(CodeIgniter\CodeIgniter))
10 FCPATH/index.php(59): CodeIgniter\Boot::bootWeb(Object(Config\Paths))
CRITICAL - 2026-09-17 19:44:32 --> TypeError: Cannot access offset of type string on string
[Method: GET, Route: testUser/2]
in APPPATH/Views/testUser.php on line 14.
 1 SYSTEMPATH/View/View.php(240): include()
 2 SYSTEMPATH/View/View.php(243): CodeIgniter\View\View->CodeIgniter\View\{closure}()
 3 SYSTEMPATH/Common.php(1268): CodeIgniter\View\View->render('testUser', [], true)
 4 APPPATH/Controllers/Home.php(19): view('testUser', [...])
 5 SYSTEMPATH/CodeIgniter.php(974): App\Controllers\Home->testUser('2')
 6 SYSTEMPATH/CodeIgniter.php(520): CodeIgniter\CodeIgniter->runController(Object(App\Controllers\Home))
 7 SYSTEMPATH/CodeIgniter.php(363): CodeIgniter\CodeIgniter->handleRequest(null, Object(Config\Cache), false)
 8 SYSTEMPATH/Boot.php(417): CodeIgniter\CodeIgniter->run()
 9 SYSTEMPATH/Boot.php(68): CodeIgniter\Boot::runCodeIgniter(Object(CodeIgniter\CodeIgniter))
10 FCPATH/index.php(59): CodeIgniter\Boot::bootWeb(Object(Config\Paths))
CRITICAL - 2026-09-17 19:44:32 --> TypeError: Cannot access offset of type string on string
[Method: GET, Route: testUser/2]
in APPPATH/Views/testUser.php on line 14.
 1 SYSTEMPATH/View/View.php(240): include()
 2 SYSTEMPATH/View/View.php(243): CodeIgniter\View\View->CodeIgniter\View\{closure}()
 3 SYSTEMPATH/Common.php(1268): CodeIgniter\View\View->render('testUser', [], true)
 4 APPPATH/Controllers/Home.php(19): view('testUser', [...])
 5 SYSTEMPATH/CodeIgniter.php(974): App\Controllers\Home->testUser('2')
 6 SYSTEMPATH/CodeIgniter.php(520): CodeIgniter\CodeIgniter->runController(Object(App\Controllers\Home))
 7 SYSTEMPATH/CodeIgniter.php(363): CodeIgniter\CodeIgniter->handleRequest(null, Object(Config\Cache), false)
 8 SYSTEMPATH/Boot.php(417): CodeIgniter\CodeIgniter->run()
 9 SYSTEMPATH/Boot.php(68): CodeIgniter\Boot::runCodeIgniter(Object(CodeIgniter\CodeIgniter))
10 FCPATH/index.php(59): CodeIgniter\Boot::bootWeb(Object(Config\Paths))
CRITICAL - 2026-09-17 19:44:33 --> TypeError: Cannot access offset of type string on string
[Method: GET, Route: testUser/2]
in APPPATH/Views/testUser.php on line 14.
 1 SYSTEMPATH/View/View.php(240): include()
 2 SYSTEMPATH/View/View.php(243): CodeIgniter\View\View->CodeIgniter\View\{closure}()
 3 SYSTEMPATH/Common.php(1268): CodeIgniter\View\View->render('testUser', [], true)
 4 APPPATH/Controllers/Home.php(19): view('testUser', [...])
 5 SYSTEMPATH/CodeIgniter.php(974): App\Controllers\Home->testUser('2')
 6 SYSTEMPATH/CodeIgniter.php(520): CodeIgniter\CodeIgniter->runController(Object(App\Controllers\Home))
 7 SYSTEMPATH/CodeIgniter.php(363): CodeIgniter\CodeIgniter->handleRequest(null, Object(Config\Cache), false)
 8 SYSTEMPATH/Boot.php(417): CodeIgniter\CodeIgniter->run()
 9 SYSTEMPATH/Boot.php(68): CodeIgniter\Boot::runCodeIgniter(Object(CodeIgniter\CodeIgniter))
10 FCPATH/index.php(59): CodeIgniter\Boot::bootWeb(Object(Config\Paths))
CRITICAL - 2026-09-17 19:44:33 --> TypeError: Cannot access offset of type string on string
[Method: GET, Route: testUser/2]
in APPPATH/Views/testUser.php on line 14.
 1 SYSTEMPATH/View/View.php(240): include()
 2 SYSTEMPATH/View/View.php(243): CodeIgniter\View\View->CodeIgniter\View\{closure}()
 3 SYSTEMPATH/Common.php(1268): CodeIgniter\View\View->render('testUser', [], true)
 4 APPPATH/Controllers/Home.php(19): view('testUser', [...])
 5 SYSTEMPATH/CodeIgniter.php(974): App\Controllers\Home->testUser('2')
 6 SYSTEMPATH/CodeIgniter.php(520): CodeIgniter\CodeIgniter->runController(Object(App\Controllers\Home))
 7 SYSTEMPATH/CodeIgniter.php(363): CodeIgniter\CodeIgniter->handleRequest(null, Object(Config\Cache), false)
 8 SYSTEMPATH/Boot.php(417): CodeIgniter\CodeIgniter->run()
 9 SYSTEMPATH/Boot.php(68): CodeIgniter\Boot::runCodeIgniter(Object(CodeIgniter\CodeIgniter))
10 FCPATH/index.php(59): CodeIgniter\Boot::bootWeb(Object(Config\Paths))
CRITICAL - 2026-09-17 19:44:34 --> TypeError: Cannot access offset of type string on string
[Method: GET, Route: testUser/2]
in APPPATH/Views/testUser.php on line 14.
 1 SYSTEMPATH/View/View.php(240): include()
 2 SYSTEMPATH/View/View.php(243): CodeIgniter\View\View->CodeIgniter\View\{closure}()
 3 SYSTEMPATH/Common.php(1268): CodeIgniter\View\View->render('testUser', [], true)
 4 APPPATH/Controllers/Home.php(19): view('testUser', [...])
 5 SYSTEMPATH/CodeIgniter.php(974): App\Controllers\Home->testUser('2')
 6 SYSTEMPATH/CodeIgniter.php(520): CodeIgniter\CodeIgniter->runController(Object(App\Controllers\Home))
 7 SYSTEMPATH/CodeIgniter.php(363): CodeIgniter\CodeIgniter->handleRequest(null, Object(Config\Cache), false)
 8 SYSTEMPATH/Boot.php(417): CodeIgniter\CodeIgniter->run()
 9 SYSTEMPATH/Boot.php(68): CodeIgniter\Boot::runCodeIgniter(Object(CodeIgniter\CodeIgniter))
10 FCPATH/index.php(59): CodeIgniter\Boot::bootWeb(Object(Config\Paths))
CRITICAL - 2026-09-17 19:44:34 --> TypeError: Cannot access offset of type string on string
[Method: GET, Route: testUser/2]
in APPPATH/Views/testUser.php on line 14.
 1 SYSTEMPATH/View/View.php(240): include()
 2 SYSTEMPATH/View/View.php(243): CodeIgniter\View\View->CodeIgniter\View\{closure}()
 3 SYSTEMPATH/Common.php(1268): CodeIgniter\View\View->render('testUser', [], true)
 4 APPPATH/Controllers/Home.php(19): view('testUser', [...])
 5 SYSTEMPATH/CodeIgniter.php(974): App\Controllers\Home->testUser('2')
 6 SYSTEMPATH/CodeIgniter.php(520): CodeIgniter\CodeIgniter->runController(Object(App\Controllers\Home))
 7 SYSTEMPATH/CodeIgniter.php(363): CodeIgniter\CodeIgniter->handleRequest(null, Object(Config\Cache), false)
 8 SYSTEMPATH/Boot.php(417): CodeIgniter\CodeIgniter->run()
 9 SYSTEMPATH/Boot.php(68): CodeIgniter\Boot::runCodeIgniter(Object(CodeIgniter\CodeIgniter))
10 FCPATH/index.php(59): CodeIgniter\Boot::bootWeb(Object(Config\Paths))
CRITICAL - 2026-09-17 19:44:35 --> TypeError: Cannot access offset of type string on string
[Method: GET, Route: testUser/2]
in APPPATH/Views/testUser.php on line 14.
 1 SYSTEMPATH/View/View.php(240): include()
 2 SYSTEMPATH/View/View.php(243): CodeIgniter\View\View->CodeIgniter\View\{closure}()
 3 SYSTEMPATH/Common.php(1268): CodeIgniter\View\View->render('testUser', [], true)
 4 APPPATH/Controllers/Home.php(19): view('testUser', [...])
 5 SYSTEMPATH/CodeIgniter.php(974): App\Controllers\Home->testUser('2')
 6 SYSTEMPATH/CodeIgniter.php(520): CodeIgniter\CodeIgniter->runController(Object(App\Controllers\Home))
 7 SYSTEMPATH/CodeIgniter.php(363): CodeIgniter\CodeIgniter->handleRequest(null, Object(Config\Cache), false)
 8 SYSTEMPATH/Boot.php(417): CodeIgniter\CodeIgniter->run()
 9 SYSTEMPATH/Boot.php(68): CodeIgniter\Boot::runCodeIgniter(Object(CodeIgniter\CodeIgniter))
10 FCPATH/index.php(59): CodeIgniter\Boot::bootWeb(Object(Config\Paths))
CRITICAL - 2026-09-17 19:44:46 --> TypeError: Cannot access offset of type string on string
[Method: GET, Route: testUser/2]
in APPPATH/Views/testUser.php on line 14.
 1 SYSTEMPATH/View/View.php(240): include()
 2 SYSTEMPATH/View/View.php(243): CodeIgniter\View\View->CodeIgniter\View\{closure}()
 3 SYSTEMPATH/Common.php(1268): CodeIgniter\View\View->render('testUser', [], true)
 4 APPPATH/Controllers/Home.php(19): view('testUser', [...])
 5 SYSTEMPATH/CodeIgniter.php(974): App\Controllers\Home->testUser('2')
 6 SYSTEMPATH/CodeIgniter.php(520): CodeIgniter\CodeIgniter->runController(Object(App\Controllers\Home))
 7 SYSTEMPATH/CodeIgniter.php(363): CodeIgniter\CodeIgniter->handleRequest(null, Object(Config\Cache), false)
 8 SYSTEMPATH/Boot.php(417): CodeIgniter\CodeIgniter->run()
 9 SYSTEMPATH/Boot.php(68): CodeIgniter\Boot::runCodeIgniter(Object(CodeIgniter\CodeIgniter))
10 FCPATH/index.php(59): CodeIgniter\Boot::bootWeb(Object(Config\Paths))
CRITICAL - 2026-09-17 19:44:47 --> TypeError: Cannot access offset of type string on string
[Method: GET, Route: testUser/2]
in APPPATH/Views/testUser.php on line 14.
 1 SYSTEMPATH/View/View.php(240): include()
 2 SYSTEMPATH/View/View.php(243): CodeIgniter\View\View->CodeIgniter\View\{closure}()
 3 SYSTEMPATH/Common.php(1268): CodeIgniter\View\View->render('testUser', [], true)
 4 APPPATH/Controllers/Home.php(19): view('testUser', [...])
 5 SYSTEMPATH/CodeIgniter.php(974): App\Controllers\Home->testUser('2')
 6 SYSTEMPATH/CodeIgniter.php(520): CodeIgniter\CodeIgniter->runController(Object(App\Controllers\Home))
 7 SYSTEMPATH/CodeIgniter.php(363): CodeIgniter\CodeIgniter->handleRequest(null, Object(Config\Cache), false)
 8 SYSTEMPATH/Boot.php(417): CodeIgniter\CodeIgniter->run()
 9 SYSTEMPATH/Boot.php(68): CodeIgniter\Boot::runCodeIgniter(Object(CodeIgniter\CodeIgniter))
10 FCPATH/index.php(59): CodeIgniter\Boot::bootWeb(Object(Config\Paths))
CRITICAL - 2026-09-17 19:44:47 --> TypeError: Cannot access offset of type string on string
[Method: GET, Route: testUser/2]
in APPPATH/Views/testUser.php on line 14.
 1 SYSTEMPATH/View/View.php(240): include()
 2 SYSTEMPATH/View/View.php(243): CodeIgniter\View\View->CodeIgniter\View\{closure}()
 3 SYSTEMPATH/Common.php(1268): CodeIgniter\View\View->render('testUser', [], true)
 4 APPPATH/Controllers/Home.php(19): view('testUser', [...])
 5 SYSTEMPATH/CodeIgniter.php(974): App\Controllers\Home->testUser('2')
 6 SYSTEMPATH/CodeIgniter.php(520): CodeIgniter\CodeIgniter->runController(Object(App\Controllers\Home))
 7 SYSTEMPATH/CodeIgniter.php(363): CodeIgniter\CodeIgniter->handleRequest(null, Object(Config\Cache), false)
 8 SYSTEMPATH/Boot.php(417): CodeIgniter\CodeIgniter->run()
 9 SYSTEMPATH/Boot.php(68): CodeIgniter\Boot::runCodeIgniter(Object(CodeIgniter\CodeIgniter))
10 FCPATH/index.php(59): CodeIgniter\Boot::bootWeb(Object(Config\Paths))
CRITICAL - 2026-09-17 19:44:48 --> TypeError: Cannot access offset of type string on string
[Method: GET, Route: testUser/2]
in APPPATH/Views/testUser.php on line 14.
 1 SYSTEMPATH/View/View.php(240): include()
 2 SYSTEMPATH/View/View.php(243): CodeIgniter\View\View->CodeIgniter\View\{closure}()
 3 SYSTEMPATH/Common.php(1268): CodeIgniter\View\View->render('testUser', [], true)
 4 APPPATH/Controllers/Home.php(19): view('testUser', [...])
 5 SYSTEMPATH/CodeIgniter.php(974): App\Controllers\Home->testUser('2')
 6 SYSTEMPATH/CodeIgniter.php(520): CodeIgniter\CodeIgniter->runController(Object(App\Controllers\Home))
 7 SYSTEMPATH/CodeIgniter.php(363): CodeIgniter\CodeIgniter->handleRequest(null, Object(Config\Cache), false)
 8 SYSTEMPATH/Boot.php(417): CodeIgniter\CodeIgniter->run()
 9 SYSTEMPATH/Boot.php(68): CodeIgniter\Boot::runCodeIgniter(Object(CodeIgniter\CodeIgniter))
10 FCPATH/index.php(59): CodeIgniter\Boot::bootWeb(Object(Config\Paths))
CRITICAL - 2026-09-17 19:44:48 --> TypeError: Cannot access offset of type string on string
[Method: GET, Route: testUser/2]
in APPPATH/Views/testUser.php on line 14.
 1 SYSTEMPATH/View/View.php(240): include()
 2 SYSTEMPATH/View/View.php(243): CodeIgniter\View\View->CodeIgniter\View\{closure}()
 3 SYSTEMPATH/Common.php(1268): CodeIgniter\View\View->render('testUser', [], true)
 4 APPPATH/Controllers/Home.php(19): view('testUser', [...])
 5 SYSTEMPATH/CodeIgniter.php(974): App\Controllers\Home->testUser('2')
 6 SYSTEMPATH/CodeIgniter.php(520): CodeIgniter\CodeIgniter->runController(Object(App\Controllers\Home))
 7 SYSTEMPATH/CodeIgniter.php(363): CodeIgniter\CodeIgniter->handleRequest(null, Object(Config\Cache), false)
 8 SYSTEMPATH/Boot.php(417): CodeIgniter\CodeIgniter->run()
 9 SYSTEMPATH/Boot.php(68): CodeIgniter\Boot::runCodeIgniter(Object(CodeIgniter\CodeIgniter))
10 FCPATH/index.php(59): CodeIgniter\Boot::bootWeb(Object(Config\Paths))
CRITICAL - 2026-09-17 19:44:48 --> TypeError: Cannot access offset of type string on string
[Method: GET, Route: testUser/2]
in APPPATH/Views/testUser.php on line 14.
 1 SYSTEMPATH/View/View.php(240): include()
 2 SYSTEMPATH/View/View.php(243): CodeIgniter\View\View->CodeIgniter\View\{closure}()
 3 SYSTEMPATH/Common.php(1268): CodeIgniter\View\View->render('testUser', [], true)
 4 APPPATH/Controllers/Home.php(19): view('testUser', [...])
 5 SYSTEMPATH/CodeIgniter.php(974): App\Controllers\Home->testUser('2')
 6 SYSTEMPATH/CodeIgniter.php(520): CodeIgniter\CodeIgniter->runController(Object(App\Controllers\Home))
 7 SYSTEMPATH/CodeIgniter.php(363): CodeIgniter\CodeIgniter->handleRequest(null, Object(Config\Cache), false)
 8 SYSTEMPATH/Boot.php(417): CodeIgniter\CodeIgniter->run()
 9 SYSTEMPATH/Boot.php(68): CodeIgniter\Boot::runCodeIgniter(Object(CodeIgniter\CodeIgniter))
10 FCPATH/index.php(59): CodeIgniter\Boot::bootWeb(Object(Config\Paths))
CRITICAL - 2026-09-17 19:48:45 --> ErrorException: Attempt to read property "id" on string
[Method: GET, Route: testUser/2]
in APPPATH/Views/testUser.php on line 14.
 1 APPPATH/Views/testUser.php(14): CodeIgniter\Debug\Exceptions->errorHandler(2, 'Attempt to read property "id" on string', '/Applications/MAMP/htdocs/Escrow/app/Views/testUser.php', 14)
 2 SYSTEMPATH/View/View.php(240): include('/Applications/MAMP/htdocs/Escrow/app/Views/testUser.php')
 3 SYSTEMPATH/View/View.php(243): CodeIgniter\View\View->CodeIgniter\View\{closure}()
 4 SYSTEMPATH/Common.php(1268): CodeIgniter\View\View->render('testUser', [], true)
 5 APPPATH/Controllers/Home.php(19): view('testUser', [...])
 6 SYSTEMPATH/CodeIgniter.php(974): App\Controllers\Home->testUser('2')
 7 SYSTEMPATH/CodeIgniter.php(520): CodeIgniter\CodeIgniter->runController(Object(App\Controllers\Home))
 8 SYSTEMPATH/CodeIgniter.php(363): CodeIgniter\CodeIgniter->handleRequest(null, Object(Config\Cache), false)
 9 SYSTEMPATH/Boot.php(417): CodeIgniter\CodeIgniter->run()
10 SYSTEMPATH/Boot.php(68): CodeIgniter\Boot::runCodeIgniter(Object(CodeIgniter\CodeIgniter))
11 FCPATH/index.php(59): CodeIgniter\Boot::bootWeb(Object(Config\Paths))
CRITICAL - 2026-09-17 19:48:46 --> ErrorException: Attempt to read property "id" on string
[Method: GET, Route: testUser/2]
in APPPATH/Views/testUser.php on line 14.
 1 APPPATH/Views/testUser.php(14): CodeIgniter\Debug\Exceptions->errorHandler(2, 'Attempt to read property "id" on string', '/Applications/MAMP/htdocs/Escrow/app/Views/testUser.php', 14)
 2 SYSTEMPATH/View/View.php(240): include('/Applications/MAMP/htdocs/Escrow/app/Views/testUser.php')
 3 SYSTEMPATH/View/View.php(243): CodeIgniter\View\View->CodeIgniter\View\{closure}()
 4 SYSTEMPATH/Common.php(1268): CodeIgniter\View\View->render('testUser', [], true)
 5 APPPATH/Controllers/Home.php(19): view('testUser', [...])
 6 SYSTEMPATH/CodeIgniter.php(974): App\Controllers\Home->testUser('2')
 7 SYSTEMPATH/CodeIgniter.php(520): CodeIgniter\CodeIgniter->runController(Object(App\Controllers\Home))
 8 SYSTEMPATH/CodeIgniter.php(363): CodeIgniter\CodeIgniter->handleRequest(null, Object(Config\Cache), false)
 9 SYSTEMPATH/Boot.php(417): CodeIgniter\CodeIgniter->run()
10 SYSTEMPATH/Boot.php(68): CodeIgniter\Boot::runCodeIgniter(Object(CodeIgniter\CodeIgniter))
11 FCPATH/index.php(59): CodeIgniter\Boot::bootWeb(Object(Config\Paths))
CRITICAL - 2026-09-17 19:48:46 --> ErrorException: Attempt to read property "id" on string
[Method: GET, Route: testUser/2]
in APPPATH/Views/testUser.php on line 14.
 1 APPPATH/Views/testUser.php(14): CodeIgniter\Debug\Exceptions->errorHandler(2, 'Attempt to read property "id" on string', '/Applications/MAMP/htdocs/Escrow/app/Views/testUser.php', 14)
 2 SYSTEMPATH/View/View.php(240): include('/Applications/MAMP/htdocs/Escrow/app/Views/testUser.php')
 3 SYSTEMPATH/View/View.php(243): CodeIgniter\View\View->CodeIgniter\View\{closure}()
 4 SYSTEMPATH/Common.php(1268): CodeIgniter\View\View->render('testUser', [], true)
 5 APPPATH/Controllers/Home.php(19): view('testUser', [...])
 6 SYSTEMPATH/CodeIgniter.php(974): App\Controllers\Home->testUser('2')
 7 SYSTEMPATH/CodeIgniter.php(520): CodeIgniter\CodeIgniter->runController(Object(App\Controllers\Home))
 8 SYSTEMPATH/CodeIgniter.php(363): CodeIgniter\CodeIgniter->handleRequest(null, Object(Config\Cache), false)
 9 SYSTEMPATH/Boot.php(417): CodeIgniter\CodeIgniter->run()
10 SYSTEMPATH/Boot.php(68): CodeIgniter\Boot::runCodeIgniter(Object(CodeIgniter\CodeIgniter))
11 FCPATH/index.php(59): CodeIgniter\Boot::bootWeb(Object(Config\Paths))
CRITICAL - 2026-09-17 19:48:47 --> ErrorException: Attempt to read property "id" on string
[Method: GET, Route: testUser/2]
in APPPATH/Views/testUser.php on line 14.
 1 APPPATH/Views/testUser.php(14): CodeIgniter\Debug\Exceptions->errorHandler(2, 'Attempt to read property "id" on string', '/Applications/MAMP/htdocs/Escrow/app/Views/testUser.php', 14)
 2 SYSTEMPATH/View/View.php(240): include('/Applications/MAMP/htdocs/Escrow/app/Views/testUser.php')
 3 SYSTEMPATH/View/View.php(243): CodeIgniter\View\View->CodeIgniter\View\{closure}()
 4 SYSTEMPATH/Common.php(1268): CodeIgniter\View\View->render('testUser', [], true)
 5 APPPATH/Controllers/Home.php(19): view('testUser', [...])
 6 SYSTEMPATH/CodeIgniter.php(974): App\Controllers\Home->testUser('2')
 7 SYSTEMPATH/CodeIgniter.php(520): CodeIgniter\CodeIgniter->runController(Object(App\Controllers\Home))
 8 SYSTEMPATH/CodeIgniter.php(363): CodeIgniter\CodeIgniter->handleRequest(null, Object(Config\Cache), false)
 9 SYSTEMPATH/Boot.php(417): CodeIgniter\CodeIgniter->run()
10 SYSTEMPATH/Boot.php(68): CodeIgniter\Boot::runCodeIgniter(Object(CodeIgniter\CodeIgniter))
11 FCPATH/index.php(59): CodeIgniter\Boot::bootWeb(Object(Config\Paths))
CRITICAL - 2026-09-17 19:50:18 --> TypeError: Cannot access offset of type string on string
[Method: GET, Route: testUser/2]
in APPPATH/Views/testUser.php on line 14.
 1 SYSTEMPATH/View/View.php(240): include()
 2 SYSTEMPATH/View/View.php(243): CodeIgniter\View\View->CodeIgniter\View\{closure}()
 3 SYSTEMPATH/Common.php(1268): CodeIgniter\View\View->render('testUser', [], true)
 4 APPPATH/Controllers/Home.php(19): view('testUser', [...])
 5 SYSTEMPATH/CodeIgniter.php(974): App\Controllers\Home->testUser('2')
 6 SYSTEMPATH/CodeIgniter.php(520): CodeIgniter\CodeIgniter->runController(Object(App\Controllers\Home))
 7 SYSTEMPATH/CodeIgniter.php(363): CodeIgniter\CodeIgniter->handleRequest(null, Object(Config\Cache), false)
 8 SYSTEMPATH/Boot.php(417): CodeIgniter\CodeIgniter->run()
 9 SYSTEMPATH/Boot.php(68): CodeIgniter\Boot::runCodeIgniter(Object(CodeIgniter\CodeIgniter))
10 FCPATH/index.php(59): CodeIgniter\Boot::bootWeb(Object(Config\Paths))
CRITICAL - 2026-09-17 19:50:18 --> TypeError: Cannot access offset of type string on string
[Method: GET, Route: testUser/2]
in APPPATH/Views/testUser.php on line 14.
 1 SYSTEMPATH/View/View.php(240): include()
 2 SYSTEMPATH/View/View.php(243): CodeIgniter\View\View->CodeIgniter\View\{closure}()
 3 SYSTEMPATH/Common.php(1268): CodeIgniter\View\View->render('testUser', [], true)
 4 APPPATH/Controllers/Home.php(19): view('testUser', [...])
 5 SYSTEMPATH/CodeIgniter.php(974): App\Controllers\Home->testUser('2')
 6 SYSTEMPATH/CodeIgniter.php(520): CodeIgniter\CodeIgniter->runController(Object(App\Controllers\Home))
 7 SYSTEMPATH/CodeIgniter.php(363): CodeIgniter\CodeIgniter->handleRequest(null, Object(Config\Cache), false)
 8 SYSTEMPATH/Boot.php(417): CodeIgniter\CodeIgniter->run()
 9 SYSTEMPATH/Boot.php(68): CodeIgniter\Boot::runCodeIgniter(Object(CodeIgniter\CodeIgniter))
10 FCPATH/index.php(59): CodeIgniter\Boot::bootWeb(Object(Config\Paths))
CRITICAL - 2026-09-17 19:50:19 --> TypeError: Cannot access offset of type string on string
[Method: GET, Route: testUser/2]
in APPPATH/Views/testUser.php on line 14.
 1 SYSTEMPATH/View/View.php(240): include()
 2 SYSTEMPATH/View/View.php(243): CodeIgniter\View\View->CodeIgniter\View\{closure}()
 3 SYSTEMPATH/Common.php(1268): CodeIgniter\View\View->render('testUser', [], true)
 4 APPPATH/Controllers/Home.php(19): view('testUser', [...])
 5 SYSTEMPATH/CodeIgniter.php(974): App\Controllers\Home->testUser('2')
 6 SYSTEMPATH/CodeIgniter.php(520): CodeIgniter\CodeIgniter->runController(Object(App\Controllers\Home))
 7 SYSTEMPATH/CodeIgniter.php(363): CodeIgniter\CodeIgniter->handleRequest(null, Object(Config\Cache), false)
 8 SYSTEMPATH/Boot.php(417): CodeIgniter\CodeIgniter->run()
 9 SYSTEMPATH/Boot.php(68): CodeIgniter\Boot::runCodeIgniter(Object(CodeIgniter\CodeIgniter))
10 FCPATH/index.php(59): CodeIgniter\Boot::bootWeb(Object(Config\Paths))
CRITICAL - 2026-09-17 19:50:20 --> TypeError: Cannot access offset of type string on string
[Method: GET, Route: testUser/2]
in APPPATH/Views/testUser.php on line 14.
 1 SYSTEMPATH/View/View.php(240): include()
 2 SYSTEMPATH/View/View.php(243): CodeIgniter\View\View->CodeIgniter\View\{closure}()
 3 SYSTEMPATH/Common.php(1268): CodeIgniter\View\View->render('testUser', [], true)
 4 APPPATH/Controllers/Home.php(19): view('testUser', [...])
 5 SYSTEMPATH/CodeIgniter.php(974): App\Controllers\Home->testUser('2')
 6 SYSTEMPATH/CodeIgniter.php(520): CodeIgniter\CodeIgniter->runController(Object(App\Controllers\Home))
 7 SYSTEMPATH/CodeIgniter.php(363): CodeIgniter\CodeIgniter->handleRequest(null, Object(Config\Cache), false)
 8 SYSTEMPATH/Boot.php(417): CodeIgniter\CodeIgniter->run()
 9 SYSTEMPATH/Boot.php(68): CodeIgniter\Boot::runCodeIgniter(Object(CodeIgniter\CodeIgniter))
10 FCPATH/index.php(59): CodeIgniter\Boot::bootWeb(Object(Config\Paths))
CRITICAL - 2026-09-17 19:50:20 --> TypeError: Cannot access offset of type string on string
[Method: GET, Route: testUser/2]
in APPPATH/Views/testUser.php on line 14.
 1 SYSTEMPATH/View/View.php(240): include()
 2 SYSTEMPATH/View/View.php(243): CodeIgniter\View\View->CodeIgniter\View\{closure}()
 3 SYSTEMPATH/Common.php(1268): CodeIgniter\View\View->render('testUser', [], true)
 4 APPPATH/Controllers/Home.php(19): view('testUser', [...])
 5 SYSTEMPATH/CodeIgniter.php(974): App\Controllers\Home->testUser('2')
 6 SYSTEMPATH/CodeIgniter.php(520): CodeIgniter\CodeIgniter->runController(Object(App\Controllers\Home))
 7 SYSTEMPATH/CodeIgniter.php(363): CodeIgniter\CodeIgniter->handleRequest(null, Object(Config\Cache), false)
 8 SYSTEMPATH/Boot.php(417): CodeIgniter\CodeIgniter->run()
 9 SYSTEMPATH/Boot.php(68): CodeIgniter\Boot::runCodeIgniter(Object(CodeIgniter\CodeIgniter))
10 FCPATH/index.php(59): CodeIgniter\Boot::bootWeb(Object(Config\Paths))
CRITICAL - 2026-09-17 19:50:21 --> TypeError: Cannot access offset of type string on string
[Method: GET, Route: testUser/2]
in APPPATH/Views/testUser.php on line 14.
 1 SYSTEMPATH/View/View.php(240): include()
 2 SYSTEMPATH/View/View.php(243): CodeIgniter\View\View->CodeIgniter\View\{closure}()
 3 SYSTEMPATH/Common.php(1268): CodeIgniter\View\View->render('testUser', [], true)
 4 APPPATH/Controllers/Home.php(19): view('testUser', [...])
 5 SYSTEMPATH/CodeIgniter.php(974): App\Controllers\Home->testUser('2')
 6 SYSTEMPATH/CodeIgniter.php(520): CodeIgniter\CodeIgniter->runController(Object(App\Controllers\Home))
 7 SYSTEMPATH/CodeIgniter.php(363): CodeIgniter\CodeIgniter->handleRequest(null, Object(Config\Cache), false)
 8 SYSTEMPATH/Boot.php(417): CodeIgniter\CodeIgniter->run()
 9 SYSTEMPATH/Boot.php(68): CodeIgniter\Boot::runCodeIgniter(Object(CodeIgniter\CodeIgniter))
10 FCPATH/index.php(59): CodeIgniter\Boot::bootWeb(Object(Config\Paths))
CRITICAL - 2026-09-17 19:50:21 --> TypeError: Cannot access offset of type string on string
[Method: GET, Route: testUser/2]
in APPPATH/Views/testUser.php on line 14.
 1 SYSTEMPATH/View/View.php(240): include()
 2 SYSTEMPATH/View/View.php(243): CodeIgniter\View\View->CodeIgniter\View\{closure}()
 3 SYSTEMPATH/Common.php(1268): CodeIgniter\View\View->render('testUser', [], true)
 4 APPPATH/Controllers/Home.php(19): view('testUser', [...])
 5 SYSTEMPATH/CodeIgniter.php(974): App\Controllers\Home->testUser('2')
 6 SYSTEMPATH/CodeIgniter.php(520): CodeIgniter\CodeIgniter->runController(Object(App\Controllers\Home))
 7 SYSTEMPATH/CodeIgniter.php(363): CodeIgniter\CodeIgniter->handleRequest(null, Object(Config\Cache), false)
 8 SYSTEMPATH/Boot.php(417): CodeIgniter\CodeIgniter->run()
 9 SYSTEMPATH/Boot.php(68): CodeIgniter\Boot::runCodeIgniter(Object(CodeIgniter\CodeIgniter))
10 FCPATH/index.php(59): CodeIgniter\Boot::bootWeb(Object(Config\Paths))
CRITICAL - 2026-09-17 19:50:22 --> TypeError: Cannot access offset of type string on string
[Method: GET, Route: testUser/2]
in APPPATH/Views/testUser.php on line 14.
 1 SYSTEMPATH/View/View.php(240): include()
 2 SYSTEMPATH/View/View.php(243): CodeIgniter\View\View->CodeIgniter\View\{closure}()
 3 SYSTEMPATH/Common.php(1268): CodeIgniter\View\View->render('testUser', [], true)
 4 APPPATH/Controllers/Home.php(19): view('testUser', [...])
 5 SYSTEMPATH/CodeIgniter.php(974): App\Controllers\Home->testUser('2')
 6 SYSTEMPATH/CodeIgniter.php(520): CodeIgniter\CodeIgniter->runController(Object(App\Controllers\Home))
 7 SYSTEMPATH/CodeIgniter.php(363): CodeIgniter\CodeIgniter->handleRequest(null, Object(Config\Cache), false)
 8 SYSTEMPATH/Boot.php(417): CodeIgniter\CodeIgniter->run()
 9 SYSTEMPATH/Boot.php(68): CodeIgniter\Boot::runCodeIgniter(Object(CodeIgniter\CodeIgniter))
10 FCPATH/index.php(59): CodeIgniter\Boot::bootWeb(Object(Config\Paths))
CRITICAL - 2026-09-17 19:52:05 --> Error: Call to a member function esc() on string
[Method: GET, Route: testUser/2]
in APPPATH/Views/testUser.php on line 14.
 1 SYSTEMPATH/View/View.php(240): include()
 2 SYSTEMPATH/View/View.php(243): CodeIgniter\View\View->CodeIgniter\View\{closure}()
 3 SYSTEMPATH/Common.php(1268): CodeIgniter\View\View->render('testUser', [], true)
 4 APPPATH/Controllers/Home.php(19): view('testUser', [...])
 5 SYSTEMPATH/CodeIgniter.php(974): App\Controllers\Home->testUser('2')
 6 SYSTEMPATH/CodeIgniter.php(520): CodeIgniter\CodeIgniter->runController(Object(App\Controllers\Home))
 7 SYSTEMPATH/CodeIgniter.php(363): CodeIgniter\CodeIgniter->handleRequest(null, Object(Config\Cache), false)
 8 SYSTEMPATH/Boot.php(417): CodeIgniter\CodeIgniter->run()
 9 SYSTEMPATH/Boot.php(68): CodeIgniter\Boot::runCodeIgniter(Object(CodeIgniter\CodeIgniter))
10 FCPATH/index.php(59): CodeIgniter\Boot::bootWeb(Object(Config\Paths))
CRITICAL - 2026-09-17 19:52:05 --> Error: Call to a member function esc() on string
[Method: GET, Route: testUser/2]
in APPPATH/Views/testUser.php on line 14.
 1 SYSTEMPATH/View/View.php(240): include()
 2 SYSTEMPATH/View/View.php(243): CodeIgniter\View\View->CodeIgniter\View\{closure}()
 3 SYSTEMPATH/Common.php(1268): CodeIgniter\View\View->render('testUser', [], true)
 4 APPPATH/Controllers/Home.php(19): view('testUser', [...])
 5 SYSTEMPATH/CodeIgniter.php(974): App\Controllers\Home->testUser('2')
 6 SYSTEMPATH/CodeIgniter.php(520): CodeIgniter\CodeIgniter->runController(Object(App\Controllers\Home))
 7 SYSTEMPATH/CodeIgniter.php(363): CodeIgniter\CodeIgniter->handleRequest(null, Object(Config\Cache), false)
 8 SYSTEMPATH/Boot.php(417): CodeIgniter\CodeIgniter->run()
 9 SYSTEMPATH/Boot.php(68): CodeIgniter\Boot::runCodeIgniter(Object(CodeIgniter\CodeIgniter))
10 FCPATH/index.php(59): CodeIgniter\Boot::bootWeb(Object(Config\Paths))
CRITICAL - 2026-09-17 19:52:06 --> Error: Call to a member function esc() on string
[Method: GET, Route: testUser/2]
in APPPATH/Views/testUser.php on line 14.
 1 SYSTEMPATH/View/View.php(240): include()
 2 SYSTEMPATH/View/View.php(243): CodeIgniter\View\View->CodeIgniter\View\{closure}()
 3 SYSTEMPATH/Common.php(1268): CodeIgniter\View\View->render('testUser', [], true)
 4 APPPATH/Controllers/Home.php(19): view('testUser', [...])
 5 SYSTEMPATH/CodeIgniter.php(974): App\Controllers\Home->testUser('2')
 6 SYSTEMPATH/CodeIgniter.php(520): CodeIgniter\CodeIgniter->runController(Object(App\Controllers\Home))
 7 SYSTEMPATH/CodeIgniter.php(363): CodeIgniter\CodeIgniter->handleRequest(null, Object(Config\Cache), false)
 8 SYSTEMPATH/Boot.php(417): CodeIgniter\CodeIgniter->run()
 9 SYSTEMPATH/Boot.php(68): CodeIgniter\Boot::runCodeIgniter(Object(CodeIgniter\CodeIgniter))
10 FCPATH/index.php(59): CodeIgniter\Boot::bootWeb(Object(Config\Paths))
CRITICAL - 2026-09-17 19:52:06 --> Error: Call to a member function esc() on string
[Method: GET, Route: testUser/2]
in APPPATH/Views/testUser.php on line 14.
 1 SYSTEMPATH/View/View.php(240): include()
 2 SYSTEMPATH/View/View.php(243): CodeIgniter\View\View->CodeIgniter\View\{closure}()
 3 SYSTEMPATH/Common.php(1268): CodeIgniter\View\View->render('testUser', [], true)
 4 APPPATH/Controllers/Home.php(19): view('testUser', [...])
 5 SYSTEMPATH/CodeIgniter.php(974): App\Controllers\Home->testUser('2')
 6 SYSTEMPATH/CodeIgniter.php(520): CodeIgniter\CodeIgniter->runController(Object(App\Controllers\Home))
 7 SYSTEMPATH/CodeIgniter.php(363): CodeIgniter\CodeIgniter->handleRequest(null, Object(Config\Cache), false)
 8 SYSTEMPATH/Boot.php(417): CodeIgniter\CodeIgniter->run()
 9 SYSTEMPATH/Boot.php(68): CodeIgniter\Boot::runCodeIgniter(Object(CodeIgniter\CodeIgniter))
10 FCPATH/index.php(59): CodeIgniter\Boot::bootWeb(Object(Config\Paths))
CRITICAL - 2026-09-17 19:52:07 --> Error: Call to a member function esc() on string
[Method: GET, Route: testUser/2]
in APPPATH/Views/testUser.php on line 14.
 1 SYSTEMPATH/View/View.php(240): include()
 2 SYSTEMPATH/View/View.php(243): CodeIgniter\View\View->CodeIgniter\View\{closure}()
 3 SYSTEMPATH/Common.php(1268): CodeIgniter\View\View->render('testUser', [], true)
 4 APPPATH/Controllers/Home.php(19): view('testUser', [...])
 5 SYSTEMPATH/CodeIgniter.php(974): App\Controllers\Home->testUser('2')
 6 SYSTEMPATH/CodeIgniter.php(520): CodeIgniter\CodeIgniter->runController(Object(App\Controllers\Home))
 7 SYSTEMPATH/CodeIgniter.php(363): CodeIgniter\CodeIgniter->handleRequest(null, Object(Config\Cache), false)
 8 SYSTEMPATH/Boot.php(417): CodeIgniter\CodeIgniter->run()
 9 SYSTEMPATH/Boot.php(68): CodeIgniter\Boot::runCodeIgniter(Object(CodeIgniter\CodeIgniter))
10 FCPATH/index.php(59): CodeIgniter\Boot::bootWeb(Object(Config\Paths))
CRITICAL - 2026-09-17 19:52:07 --> Error: Call to a member function esc() on string
[Method: GET, Route: testUser/2]
in APPPATH/Views/testUser.php on line 14.
 1 SYSTEMPATH/View/View.php(240): include()
 2 SYSTEMPATH/View/View.php(243): CodeIgniter\View\View->CodeIgniter\View\{closure}()
 3 SYSTEMPATH/Common.php(1268): CodeIgniter\View\View->render('testUser', [], true)
 4 APPPATH/Controllers/Home.php(19): view('testUser', [...])
 5 SYSTEMPATH/CodeIgniter.php(974): App\Controllers\Home->testUser('2')
 6 SYSTEMPATH/CodeIgniter.php(520): CodeIgniter\CodeIgniter->runController(Object(App\Controllers\Home))
 7 SYSTEMPATH/CodeIgniter.php(363): CodeIgniter\CodeIgniter->handleRequest(null, Object(Config\Cache), false)
 8 SYSTEMPATH/Boot.php(417): CodeIgniter\CodeIgniter->run()
 9 SYSTEMPATH/Boot.php(68): CodeIgniter\Boot::runCodeIgniter(Object(CodeIgniter\CodeIgniter))
10 FCPATH/index.php(59): CodeIgniter\Boot::bootWeb(Object(Config\Paths))
CRITICAL - 2026-09-17 19:52:08 --> Error: Call to a member function esc() on string
[Method: GET, Route: testUser/2]
in APPPATH/Views/testUser.php on line 14.
 1 SYSTEMPATH/View/View.php(240): include()
 2 SYSTEMPATH/View/View.php(243): CodeIgniter\View\View->CodeIgniter\View\{closure}()
 3 SYSTEMPATH/Common.php(1268): CodeIgniter\View\View->render('testUser', [], true)
 4 APPPATH/Controllers/Home.php(19): view('testUser', [...])
 5 SYSTEMPATH/CodeIgniter.php(974): App\Controllers\Home->testUser('2')
 6 SYSTEMPATH/CodeIgniter.php(520): CodeIgniter\CodeIgniter->runController(Object(App\Controllers\Home))
 7 SYSTEMPATH/CodeIgniter.php(363): CodeIgniter\CodeIgniter->handleRequest(null, Object(Config\Cache), false)
 8 SYSTEMPATH/Boot.php(417): CodeIgniter\CodeIgniter->run()
 9 SYSTEMPATH/Boot.php(68): CodeIgniter\Boot::runCodeIgniter(Object(CodeIgniter\CodeIgniter))
10 FCPATH/index.php(59): CodeIgniter\Boot::bootWeb(Object(Config\Paths))
CRITICAL - 2026-09-17 19:52:09 --> Error: Call to a member function esc() on string
[Method: GET, Route: testUser/2]
in APPPATH/Views/testUser.php on line 14.
 1 SYSTEMPATH/View/View.php(240): include()
 2 SYSTEMPATH/View/View.php(243): CodeIgniter\View\View->CodeIgniter\View\{closure}()
 3 SYSTEMPATH/Common.php(1268): CodeIgniter\View\View->render('testUser', [], true)
 4 APPPATH/Controllers/Home.php(19): view('testUser', [...])
 5 SYSTEMPATH/CodeIgniter.php(974): App\Controllers\Home->testUser('2')
 6 SYSTEMPATH/CodeIgniter.php(520): CodeIgniter\CodeIgniter->runController(Object(App\Controllers\Home))
 7 SYSTEMPATH/CodeIgniter.php(363): CodeIgniter\CodeIgniter->handleRequest(null, Object(Config\Cache), false)
 8 SYSTEMPATH/Boot.php(417): CodeIgniter\CodeIgniter->run()
 9 SYSTEMPATH/Boot.php(68): CodeIgniter\Boot::runCodeIgniter(Object(CodeIgniter\CodeIgniter))
10 FCPATH/index.php(59): CodeIgniter\Boot::bootWeb(Object(Config\Paths))
CRITICAL - 2026-09-17 19:52:20 --> ErrorException: Attempt to read property "2" on string
[Method: GET, Route: testUser/2]
in APPPATH/Views/testUser.php on line 14.
 1 APPPATH/Views/testUser.php(14): CodeIgniter\Debug\Exceptions->errorHandler(2, 'Attempt to read property "2" on string', '/Applications/MAMP/htdocs/Escrow/app/Views/testUser.php', 14)
 2 SYSTEMPATH/View/View.php(240): include('/Applications/MAMP/htdocs/Escrow/app/Views/testUser.php')
 3 SYSTEMPATH/View/View.php(243): CodeIgniter\View\View->CodeIgniter\View\{closure}()
 4 SYSTEMPATH/Common.php(1268): CodeIgniter\View\View->render('testUser', [], true)
 5 APPPATH/Controllers/Home.php(19): view('testUser', [...])
 6 SYSTEMPATH/CodeIgniter.php(974): App\Controllers\Home->testUser('2')
 7 SYSTEMPATH/CodeIgniter.php(520): CodeIgniter\CodeIgniter->runController(Object(App\Controllers\Home))
 8 SYSTEMPATH/CodeIgniter.php(363): CodeIgniter\CodeIgniter->handleRequest(null, Object(Config\Cache), false)
 9 SYSTEMPATH/Boot.php(417): CodeIgniter\CodeIgniter->run()
10 SYSTEMPATH/Boot.php(68): CodeIgniter\Boot::runCodeIgniter(Object(CodeIgniter\CodeIgniter))
11 FCPATH/index.php(59): CodeIgniter\Boot::bootWeb(Object(Config\Paths))
CRITICAL - 2026-09-17 19:52:21 --> ErrorException: Attempt to read property "2" on string
[Method: GET, Route: testUser/2]
in APPPATH/Views/testUser.php on line 14.
 1 APPPATH/Views/testUser.php(14): CodeIgniter\Debug\Exceptions->errorHandler(2, 'Attempt to read property "2" on string', '/Applications/MAMP/htdocs/Escrow/app/Views/testUser.php', 14)
 2 SYSTEMPATH/View/View.php(240): include('/Applications/MAMP/htdocs/Escrow/app/Views/testUser.php')
 3 SYSTEMPATH/View/View.php(243): CodeIgniter\View\View->CodeIgniter\View\{closure}()
 4 SYSTEMPATH/Common.php(1268): CodeIgniter\View\View->render('testUser', [], true)
 5 APPPATH/Controllers/Home.php(19): view('testUser', [...])
 6 SYSTEMPATH/CodeIgniter.php(974): App\Controllers\Home->testUser('2')
 7 SYSTEMPATH/CodeIgniter.php(520): CodeIgniter\CodeIgniter->runController(Object(App\Controllers\Home))
 8 SYSTEMPATH/CodeIgniter.php(363): CodeIgniter\CodeIgniter->handleRequest(null, Object(Config\Cache), false)
 9 SYSTEMPATH/Boot.php(417): CodeIgniter\CodeIgniter->run()
10 SYSTEMPATH/Boot.php(68): CodeIgniter\Boot::runCodeIgniter(Object(CodeIgniter\CodeIgniter))
11 FCPATH/index.php(59): CodeIgniter\Boot::bootWeb(Object(Config\Paths))
CRITICAL - 2026-09-17 19:52:21 --> ErrorException: Attempt to read property "2" on string
[Method: GET, Route: testUser/2]
in APPPATH/Views/testUser.php on line 14.
 1 APPPATH/Views/testUser.php(14): CodeIgniter\Debug\Exceptions->errorHandler(2, 'Attempt to read property "2" on string', '/Applications/MAMP/htdocs/Escrow/app/Views/testUser.php', 14)
 2 SYSTEMPATH/View/View.php(240): include('/Applications/MAMP/htdocs/Escrow/app/Views/testUser.php')
 3 SYSTEMPATH/View/View.php(243): CodeIgniter\View\View->CodeIgniter\View\{closure}()
 4 SYSTEMPATH/Common.php(1268): CodeIgniter\View\View->render('testUser', [], true)
 5 APPPATH/Controllers/Home.php(19): view('testUser', [...])
 6 SYSTEMPATH/CodeIgniter.php(974): App\Controllers\Home->testUser('2')
 7 SYSTEMPATH/CodeIgniter.php(520): CodeIgniter\CodeIgniter->runController(Object(App\Controllers\Home))
 8 SYSTEMPATH/CodeIgniter.php(363): CodeIgniter\CodeIgniter->handleRequest(null, Object(Config\Cache), false)
 9 SYSTEMPATH/Boot.php(417): CodeIgniter\CodeIgniter->run()
10 SYSTEMPATH/Boot.php(68): CodeIgniter\Boot::runCodeIgniter(Object(CodeIgniter\CodeIgniter))
11 FCPATH/index.php(59): CodeIgniter\Boot::bootWeb(Object(Config\Paths))
CRITICAL - 2026-09-17 19:52:22 --> ErrorException: Attempt to read property "2" on string
[Method: GET, Route: testUser/2]
in APPPATH/Views/testUser.php on line 14.
 1 APPPATH/Views/testUser.php(14): CodeIgniter\Debug\Exceptions->errorHandler(2, 'Attempt to read property "2" on string', '/Applications/MAMP/htdocs/Escrow/app/Views/testUser.php', 14)
 2 SYSTEMPATH/View/View.php(240): include('/Applications/MAMP/htdocs/Escrow/app/Views/testUser.php')
 3 SYSTEMPATH/View/View.php(243): CodeIgniter\View\View->CodeIgniter\View\{closure}()
 4 SYSTEMPATH/Common.php(1268): CodeIgniter\View\View->render('testUser', [], true)
 5 APPPATH/Controllers/Home.php(19): view('testUser', [...])
 6 SYSTEMPATH/CodeIgniter.php(974): App\Controllers\Home->testUser('2')
 7 SYSTEMPATH/CodeIgniter.php(520): CodeIgniter\CodeIgniter->runController(Object(App\Controllers\Home))
 8 SYSTEMPATH/CodeIgniter.php(363): CodeIgniter\CodeIgniter->handleRequest(null, Object(Config\Cache), false)
 9 SYSTEMPATH/Boot.php(417): CodeIgniter\CodeIgniter->run()
10 SYSTEMPATH/Boot.php(68): CodeIgniter\Boot::runCodeIgniter(Object(CodeIgniter\CodeIgniter))
11 FCPATH/index.php(59): CodeIgniter\Boot::bootWeb(Object(Config\Paths))
CRITICAL - 2026-09-17 19:52:23 --> ErrorException: Attempt to read property "2" on string
[Method: GET, Route: testUser/2]
in APPPATH/Views/testUser.php on line 14.
 1 APPPATH/Views/testUser.php(14): CodeIgniter\Debug\Exceptions->errorHandler(2, 'Attempt to read property "2" on string', '/Applications/MAMP/htdocs/Escrow/app/Views/testUser.php', 14)
 2 SYSTEMPATH/View/View.php(240): include('/Applications/MAMP/htdocs/Escrow/app/Views/testUser.php')
 3 SYSTEMPATH/View/View.php(243): CodeIgniter\View\View->CodeIgniter\View\{closure}()
 4 SYSTEMPATH/Common.php(1268): CodeIgniter\View\View->render('testUser', [], true)
 5 APPPATH/Controllers/Home.php(19): view('testUser', [...])
 6 SYSTEMPATH/CodeIgniter.php(974): App\Controllers\Home->testUser('2')
 7 SYSTEMPATH/CodeIgniter.php(520): CodeIgniter\CodeIgniter->runController(Object(App\Controllers\Home))
 8 SYSTEMPATH/CodeIgniter.php(363): CodeIgniter\CodeIgniter->handleRequest(null, Object(Config\Cache), false)
 9 SYSTEMPATH/Boot.php(417): CodeIgniter\CodeIgniter->run()
10 SYSTEMPATH/Boot.php(68): CodeIgniter\Boot::runCodeIgniter(Object(CodeIgniter\CodeIgniter))
11 FCPATH/index.php(59): CodeIgniter\Boot::bootWeb(Object(Config\Paths))
CRITICAL - 2026-09-17 19:52:23 --> ErrorException: Attempt to read property "2" on string
[Method: GET, Route: testUser/2]
in APPPATH/Views/testUser.php on line 14.
 1 APPPATH/Views/testUser.php(14): CodeIgniter\Debug\Exceptions->errorHandler(2, 'Attempt to read property "2" on string', '/Applications/MAMP/htdocs/Escrow/app/Views/testUser.php', 14)
 2 SYSTEMPATH/View/View.php(240): include('/Applications/MAMP/htdocs/Escrow/app/Views/testUser.php')
 3 SYSTEMPATH/View/View.php(243): CodeIgniter\View\View->CodeIgniter\View\{closure}()
 4 SYSTEMPATH/Common.php(1268): CodeIgniter\View\View->render('testUser', [], true)
 5 APPPATH/Controllers/Home.php(19): view('testUser', [...])
 6 SYSTEMPATH/CodeIgniter.php(974): App\Controllers\Home->testUser('2')
 7 SYSTEMPATH/CodeIgniter.php(520): CodeIgniter\CodeIgniter->runController(Object(App\Controllers\Home))
 8 SYSTEMPATH/CodeIgniter.php(363): CodeIgniter\CodeIgniter->handleRequest(null, Object(Config\Cache), false)
 9 SYSTEMPATH/Boot.php(417): CodeIgniter\CodeIgniter->run()
10 SYSTEMPATH/Boot.php(68): CodeIgniter\Boot::runCodeIgniter(Object(CodeIgniter\CodeIgniter))
11 FCPATH/index.php(59): CodeIgniter\Boot::bootWeb(Object(Config\Paths))
CRITICAL - 2026-09-17 19:52:24 --> ErrorException: Attempt to read property "2" on string
[Method: GET, Route: testUser/2]
in APPPATH/Views/testUser.php on line 14.
 1 APPPATH/Views/testUser.php(14): CodeIgniter\Debug\Exceptions->errorHandler(2, 'Attempt to read property "2" on string', '/Applications/MAMP/htdocs/Escrow/app/Views/testUser.php', 14)
 2 SYSTEMPATH/View/View.php(240): include('/Applications/MAMP/htdocs/Escrow/app/Views/testUser.php')
 3 SYSTEMPATH/View/View.php(243): CodeIgniter\View\View->CodeIgniter\View\{closure}()
 4 SYSTEMPATH/Common.php(1268): CodeIgniter\View\View->render('testUser', [], true)
 5 APPPATH/Controllers/Home.php(19): view('testUser', [...])
 6 SYSTEMPATH/CodeIgniter.php(974): App\Controllers\Home->testUser('2')
 7 SYSTEMPATH/CodeIgniter.php(520): CodeIgniter\CodeIgniter->runController(Object(App\Controllers\Home))
 8 SYSTEMPATH/CodeIgniter.php(363): CodeIgniter\CodeIgniter->handleRequest(null, Object(Config\Cache), false)
 9 SYSTEMPATH/Boot.php(417): CodeIgniter\CodeIgniter->run()
10 SYSTEMPATH/Boot.php(68): CodeIgniter\Boot::runCodeIgniter(Object(CodeIgniter\CodeIgniter))
11 FCPATH/index.php(59): CodeIgniter\Boot::bootWeb(Object(Config\Paths))
CRITICAL - 2026-09-17 19:52:59 --> TypeError: Cannot access offset of type string on string
[Method: GET, Route: testUser/2]
in APPPATH/Views/testUser.php on line 14.
 1 SYSTEMPATH/View/View.php(240): include()
 2 SYSTEMPATH/View/View.php(243): CodeIgniter\View\View->CodeIgniter\View\{closure}()
 3 SYSTEMPATH/Common.php(1268): CodeIgniter\View\View->render('testUser', [], true)
 4 APPPATH/Controllers/Home.php(19): view('testUser', [...])
 5 SYSTEMPATH/CodeIgniter.php(974): App\Controllers\Home->testUser('2')
 6 SYSTEMPATH/CodeIgniter.php(520): CodeIgniter\CodeIgniter->runController(Object(App\Controllers\Home))
 7 SYSTEMPATH/CodeIgniter.php(363): CodeIgniter\CodeIgniter->handleRequest(null, Object(Config\Cache), false)
 8 SYSTEMPATH/Boot.php(417): CodeIgniter\CodeIgniter->run()
 9 SYSTEMPATH/Boot.php(68): CodeIgniter\Boot::runCodeIgniter(Object(CodeIgniter\CodeIgniter))
10 FCPATH/index.php(59): CodeIgniter\Boot::bootWeb(Object(Config\Paths))
CRITICAL - 2026-09-17 19:53:00 --> TypeError: Cannot access offset of type string on string
[Method: GET, Route: testUser/2]
in APPPATH/Views/testUser.php on line 14.
 1 SYSTEMPATH/View/View.php(240): include()
 2 SYSTEMPATH/View/View.php(243): CodeIgniter\View\View->CodeIgniter\View\{closure}()
 3 SYSTEMPATH/Common.php(1268): CodeIgniter\View\View->render('testUser', [], true)
 4 APPPATH/Controllers/Home.php(19): view('testUser', [...])
 5 SYSTEMPATH/CodeIgniter.php(974): App\Controllers\Home->testUser('2')
 6 SYSTEMPATH/CodeIgniter.php(520): CodeIgniter\CodeIgniter->runController(Object(App\Controllers\Home))
 7 SYSTEMPATH/CodeIgniter.php(363): CodeIgniter\CodeIgniter->handleRequest(null, Object(Config\Cache), false)
 8 SYSTEMPATH/Boot.php(417): CodeIgniter\CodeIgniter->run()
 9 SYSTEMPATH/Boot.php(68): CodeIgniter\Boot::runCodeIgniter(Object(CodeIgniter\CodeIgniter))
10 FCPATH/index.php(59): CodeIgniter\Boot::bootWeb(Object(Config\Paths))
CRITICAL - 2026-09-17 19:53:00 --> TypeError: Cannot access offset of type string on string
[Method: GET, Route: testUser/2]
in APPPATH/Views/testUser.php on line 14.
 1 SYSTEMPATH/View/View.php(240): include()
 2 SYSTEMPATH/View/View.php(243): CodeIgniter\View\View->CodeIgniter\View\{closure}()
 3 SYSTEMPATH/Common.php(1268): CodeIgniter\View\View->render('testUser', [], true)
 4 APPPATH/Controllers/Home.php(19): view('testUser', [...])
 5 SYSTEMPATH/CodeIgniter.php(974): App\Controllers\Home->testUser('2')
 6 SYSTEMPATH/CodeIgniter.php(520): CodeIgniter\CodeIgniter->runController(Object(App\Controllers\Home))
 7 SYSTEMPATH/CodeIgniter.php(363): CodeIgniter\CodeIgniter->handleRequest(null, Object(Config\Cache), false)
 8 SYSTEMPATH/Boot.php(417): CodeIgniter\CodeIgniter->run()
 9 SYSTEMPATH/Boot.php(68): CodeIgniter\Boot::runCodeIgniter(Object(CodeIgniter\CodeIgniter))
10 FCPATH/index.php(59): CodeIgniter\Boot::bootWeb(Object(Config\Paths))
CRITICAL - 2026-09-17 19:53:00 --> TypeError: Cannot access offset of type string on string
[Method: GET, Route: testUser/2]
in APPPATH/Views/testUser.php on line 14.
 1 SYSTEMPATH/View/View.php(240): include()
 2 SYSTEMPATH/View/View.php(243): CodeIgniter\View\View->CodeIgniter\View\{closure}()
 3 SYSTEMPATH/Common.php(1268): CodeIgniter\View\View->render('testUser', [], true)
 4 APPPATH/Controllers/Home.php(19): view('testUser', [...])
 5 SYSTEMPATH/CodeIgniter.php(974): App\Controllers\Home->testUser('2')
 6 SYSTEMPATH/CodeIgniter.php(520): CodeIgniter\CodeIgniter->runController(Object(App\Controllers\Home))
 7 SYSTEMPATH/CodeIgniter.php(363): CodeIgniter\CodeIgniter->handleRequest(null, Object(Config\Cache), false)
 8 SYSTEMPATH/Boot.php(417): CodeIgniter\CodeIgniter->run()
 9 SYSTEMPATH/Boot.php(68): CodeIgniter\Boot::runCodeIgniter(Object(CodeIgniter\CodeIgniter))
10 FCPATH/index.php(59): CodeIgniter\Boot::bootWeb(Object(Config\Paths))
CRITICAL - 2026-09-17 19:53:01 --> TypeError: Cannot access offset of type string on string
[Method: GET, Route: testUser/2]
in APPPATH/Views/testUser.php on line 14.
 1 SYSTEMPATH/View/View.php(240): include()
 2 SYSTEMPATH/View/View.php(243): CodeIgniter\View\View->CodeIgniter\View\{closure}()
 3 SYSTEMPATH/Common.php(1268): CodeIgniter\View\View->render('testUser', [], true)
 4 APPPATH/Controllers/Home.php(19): view('testUser', [...])
 5 SYSTEMPATH/CodeIgniter.php(974): App\Controllers\Home->testUser('2')
 6 SYSTEMPATH/CodeIgniter.php(520): CodeIgniter\CodeIgniter->runController(Object(App\Controllers\Home))
 7 SYSTEMPATH/CodeIgniter.php(363): CodeIgniter\CodeIgniter->handleRequest(null, Object(Config\Cache), false)
 8 SYSTEMPATH/Boot.php(417): CodeIgniter\CodeIgniter->run()
 9 SYSTEMPATH/Boot.php(68): CodeIgniter\Boot::runCodeIgniter(Object(CodeIgniter\CodeIgniter))
10 FCPATH/index.php(59): CodeIgniter\Boot::bootWeb(Object(Config\Paths))
CRITICAL - 2026-09-17 19:53:01 --> TypeError: Cannot access offset of type string on string
[Method: GET, Route: testUser/2]
in APPPATH/Views/testUser.php on line 14.
 1 SYSTEMPATH/View/View.php(240): include()
 2 SYSTEMPATH/View/View.php(243): CodeIgniter\View\View->CodeIgniter\View\{closure}()
 3 SYSTEMPATH/Common.php(1268): CodeIgniter\View\View->render('testUser', [], true)
 4 APPPATH/Controllers/Home.php(19): view('testUser', [...])
 5 SYSTEMPATH/CodeIgniter.php(974): App\Controllers\Home->testUser('2')
 6 SYSTEMPATH/CodeIgniter.php(520): CodeIgniter\CodeIgniter->runController(Object(App\Controllers\Home))
 7 SYSTEMPATH/CodeIgniter.php(363): CodeIgniter\CodeIgniter->handleRequest(null, Object(Config\Cache), false)
 8 SYSTEMPATH/Boot.php(417): CodeIgniter\CodeIgniter->run()
 9 SYSTEMPATH/Boot.php(68): CodeIgniter\Boot::runCodeIgniter(Object(CodeIgniter\CodeIgniter))
10 FCPATH/index.php(59): CodeIgniter\Boot::bootWeb(Object(Config\Paths))
CRITICAL - 2026-09-17 19:53:01 --> TypeError: Cannot access offset of type string on string
[Method: GET, Route: testUser/2]
in APPPATH/Views/testUser.php on line 14.
 1 SYSTEMPATH/View/View.php(240): include()
 2 SYSTEMPATH/View/View.php(243): CodeIgniter\View\View->CodeIgniter\View\{closure}()
 3 SYSTEMPATH/Common.php(1268): CodeIgniter\View\View->render('testUser', [], true)
 4 APPPATH/Controllers/Home.php(19): view('testUser', [...])
 5 SYSTEMPATH/CodeIgniter.php(974): App\Controllers\Home->testUser('2')
 6 SYSTEMPATH/CodeIgniter.php(520): CodeIgniter\CodeIgniter->runController(Object(App\Controllers\Home))
 7 SYSTEMPATH/CodeIgniter.php(363): CodeIgniter\CodeIgniter->handleRequest(null, Object(Config\Cache), false)
 8 SYSTEMPATH/Boot.php(417): CodeIgniter\CodeIgniter->run()
 9 SYSTEMPATH/Boot.php(68): CodeIgniter\Boot::runCodeIgniter(Object(CodeIgniter\CodeIgniter))
10 FCPATH/index.php(59): CodeIgniter\Boot::bootWeb(Object(Config\Paths))
CRITICAL - 2026-09-17 19:53:01 --> TypeError: Cannot access offset of type string on string
[Method: GET, Route: testUser/2]
in APPPATH/Views/testUser.php on line 14.
 1 SYSTEMPATH/View/View.php(240): include()
 2 SYSTEMPATH/View/View.php(243): CodeIgniter\View\View->CodeIgniter\View\{closure}()
 3 SYSTEMPATH/Common.php(1268): CodeIgniter\View\View->render('testUser', [], true)
 4 APPPATH/Controllers/Home.php(19): view('testUser', [...])
 5 SYSTEMPATH/CodeIgniter.php(974): App\Controllers\Home->testUser('2')
 6 SYSTEMPATH/CodeIgniter.php(520): CodeIgniter\CodeIgniter->runController(Object(App\Controllers\Home))
 7 SYSTEMPATH/CodeIgniter.php(363): CodeIgniter\CodeIgniter->handleRequest(null, Object(Config\Cache), false)
 8 SYSTEMPATH/Boot.php(417): CodeIgniter\CodeIgniter->run()
 9 SYSTEMPATH/Boot.php(68): CodeIgniter\Boot::runCodeIgniter(Object(CodeIgniter\CodeIgniter))
10 FCPATH/index.php(59): CodeIgniter\Boot::bootWeb(Object(Config\Paths))
CRITICAL - 2026-09-17 19:53:41 --> TypeError: Cannot access offset of type string on string
[Method: GET, Route: testUser/2]
in APPPATH/Views/testUser.php on line 14.
 1 SYSTEMPATH/View/View.php(240): include()
 2 SYSTEMPATH/View/View.php(243): CodeIgniter\View\View->CodeIgniter\View\{closure}()
 3 SYSTEMPATH/Common.php(1268): CodeIgniter\View\View->render('testUser', [], true)
 4 APPPATH/Controllers/Home.php(20): view('testUser', [...])
 5 SYSTEMPATH/CodeIgniter.php(974): App\Controllers\Home->testUser('2')
 6 SYSTEMPATH/CodeIgniter.php(520): CodeIgniter\CodeIgniter->runController(Object(App\Controllers\Home))
 7 SYSTEMPATH/CodeIgniter.php(363): CodeIgniter\CodeIgniter->handleRequest(null, Object(Config\Cache), false)
 8 SYSTEMPATH/Boot.php(417): CodeIgniter\CodeIgniter->run()
 9 SYSTEMPATH/Boot.php(68): CodeIgniter\Boot::runCodeIgniter(Object(CodeIgniter\CodeIgniter))
10 FCPATH/index.php(59): CodeIgniter\Boot::bootWeb(Object(Config\Paths))
CRITICAL - 2026-09-17 19:53:41 --> TypeError: Cannot access offset of type string on string
[Method: GET, Route: testUser/2]
in APPPATH/Views/testUser.php on line 14.
 1 SYSTEMPATH/View/View.php(240): include()
 2 SYSTEMPATH/View/View.php(243): CodeIgniter\View\View->CodeIgniter\View\{closure}()
 3 SYSTEMPATH/Common.php(1268): CodeIgniter\View\View->render('testUser', [], true)
 4 APPPATH/Controllers/Home.php(20): view('testUser', [...])
 5 SYSTEMPATH/CodeIgniter.php(974): App\Controllers\Home->testUser('2')
 6 SYSTEMPATH/CodeIgniter.php(520): CodeIgniter\CodeIgniter->runController(Object(App\Controllers\Home))
 7 SYSTEMPATH/CodeIgniter.php(363): CodeIgniter\CodeIgniter->handleRequest(null, Object(Config\Cache), false)
 8 SYSTEMPATH/Boot.php(417): CodeIgniter\CodeIgniter->run()
 9 SYSTEMPATH/Boot.php(68): CodeIgniter\Boot::runCodeIgniter(Object(CodeIgniter\CodeIgniter))
10 FCPATH/index.php(59): CodeIgniter\Boot::bootWeb(Object(Config\Paths))
CRITICAL - 2026-09-17 19:53:42 --> TypeError: Cannot access offset of type string on string
[Method: GET, Route: testUser/2]
in APPPATH/Views/testUser.php on line 14.
 1 SYSTEMPATH/View/View.php(240): include()
 2 SYSTEMPATH/View/View.php(243): CodeIgniter\View\View->CodeIgniter\View\{closure}()
 3 SYSTEMPATH/Common.php(1268): CodeIgniter\View\View->render('testUser', [], true)
 4 APPPATH/Controllers/Home.php(20): view('testUser', [...])
 5 SYSTEMPATH/CodeIgniter.php(974): App\Controllers\Home->testUser('2')
 6 SYSTEMPATH/CodeIgniter.php(520): CodeIgniter\CodeIgniter->runController(Object(App\Controllers\Home))
 7 SYSTEMPATH/CodeIgniter.php(363): CodeIgniter\CodeIgniter->handleRequest(null, Object(Config\Cache), false)
 8 SYSTEMPATH/Boot.php(417): CodeIgniter\CodeIgniter->run()
 9 SYSTEMPATH/Boot.php(68): CodeIgniter\Boot::runCodeIgniter(Object(CodeIgniter\CodeIgniter))
10 FCPATH/index.php(59): CodeIgniter\Boot::bootWeb(Object(Config\Paths))
CRITICAL - 2026-09-17 19:53:42 --> TypeError: Cannot access offset of type string on string
[Method: GET, Route: testUser/2]
in APPPATH/Views/testUser.php on line 14.
 1 SYSTEMPATH/View/View.php(240): include()
 2 SYSTEMPATH/View/View.php(243): CodeIgniter\View\View->CodeIgniter\View\{closure}()
 3 SYSTEMPATH/Common.php(1268): CodeIgniter\View\View->render('testUser', [], true)
 4 APPPATH/Controllers/Home.php(20): view('testUser', [...])
 5 SYSTEMPATH/CodeIgniter.php(974): App\Controllers\Home->testUser('2')
 6 SYSTEMPATH/CodeIgniter.php(520): CodeIgniter\CodeIgniter->runController(Object(App\Controllers\Home))
 7 SYSTEMPATH/CodeIgniter.php(363): CodeIgniter\CodeIgniter->handleRequest(null, Object(Config\Cache), false)
 8 SYSTEMPATH/Boot.php(417): CodeIgniter\CodeIgniter->run()
 9 SYSTEMPATH/Boot.php(68): CodeIgniter\Boot::runCodeIgniter(Object(CodeIgniter\CodeIgniter))
10 FCPATH/index.php(59): CodeIgniter\Boot::bootWeb(Object(Config\Paths))
CRITICAL - 2026-09-17 19:53:42 --> TypeError: Cannot access offset of type string on string
[Method: GET, Route: testUser/2]
in APPPATH/Views/testUser.php on line 14.
 1 SYSTEMPATH/View/View.php(240): include()
 2 SYSTEMPATH/View/View.php(243): CodeIgniter\View\View->CodeIgniter\View\{closure}()
 3 SYSTEMPATH/Common.php(1268): CodeIgniter\View\View->render('testUser', [], true)
 4 APPPATH/Controllers/Home.php(20): view('testUser', [...])
 5 SYSTEMPATH/CodeIgniter.php(974): App\Controllers\Home->testUser('2')
 6 SYSTEMPATH/CodeIgniter.php(520): CodeIgniter\CodeIgniter->runController(Object(App\Controllers\Home))
 7 SYSTEMPATH/CodeIgniter.php(363): CodeIgniter\CodeIgniter->handleRequest(null, Object(Config\Cache), false)
 8 SYSTEMPATH/Boot.php(417): CodeIgniter\CodeIgniter->run()
 9 SYSTEMPATH/Boot.php(68): CodeIgniter\Boot::runCodeIgniter(Object(CodeIgniter\CodeIgniter))
10 FCPATH/index.php(59): CodeIgniter\Boot::bootWeb(Object(Config\Paths))
CRITICAL - 2026-09-17 19:53:42 --> TypeError: Cannot access offset of type string on string
[Method: GET, Route: testUser/2]
in APPPATH/Views/testUser.php on line 14.
 1 SYSTEMPATH/View/View.php(240): include()
 2 SYSTEMPATH/View/View.php(243): CodeIgniter\View\View->CodeIgniter\View\{closure}()
 3 SYSTEMPATH/Common.php(1268): CodeIgniter\View\View->render('testUser', [], true)
 4 APPPATH/Controllers/Home.php(20): view('testUser', [...])
 5 SYSTEMPATH/CodeIgniter.php(974): App\Controllers\Home->testUser('2')
 6 SYSTEMPATH/CodeIgniter.php(520): CodeIgniter\CodeIgniter->runController(Object(App\Controllers\Home))
 7 SYSTEMPATH/CodeIgniter.php(363): CodeIgniter\CodeIgniter->handleRequest(null, Object(Config\Cache), false)
 8 SYSTEMPATH/Boot.php(417): CodeIgniter\CodeIgniter->run()
 9 SYSTEMPATH/Boot.php(68): CodeIgniter\Boot::runCodeIgniter(Object(CodeIgniter\CodeIgniter))
10 FCPATH/index.php(59): CodeIgniter\Boot::bootWeb(Object(Config\Paths))
CRITICAL - 2026-09-17 19:53:43 --> TypeError: Cannot access offset of type string on string
[Method: GET, Route: testUser/2]
in APPPATH/Views/testUser.php on line 14.
 1 SYSTEMPATH/View/View.php(240): include()
 2 SYSTEMPATH/View/View.php(243): CodeIgniter\View\View->CodeIgniter\View\{closure}()
 3 SYSTEMPATH/Common.php(1268): CodeIgniter\View\View->render('testUser', [], true)
 4 APPPATH/Controllers/Home.php(20): view('testUser', [...])
 5 SYSTEMPATH/CodeIgniter.php(974): App\Controllers\Home->testUser('2')
 6 SYSTEMPATH/CodeIgniter.php(520): CodeIgniter\CodeIgniter->runController(Object(App\Controllers\Home))
 7 SYSTEMPATH/CodeIgniter.php(363): CodeIgniter\CodeIgniter->handleRequest(null, Object(Config\Cache), false)
 8 SYSTEMPATH/Boot.php(417): CodeIgniter\CodeIgniter->run()
 9 SYSTEMPATH/Boot.php(68): CodeIgniter\Boot::runCodeIgniter(Object(CodeIgniter\CodeIgniter))
10 FCPATH/index.php(59): CodeIgniter\Boot::bootWeb(Object(Config\Paths))
CRITICAL - 2026-09-17 19:53:43 --> TypeError: Cannot access offset of type string on string
[Method: GET, Route: testUser/2]
in APPPATH/Views/testUser.php on line 14.
 1 SYSTEMPATH/View/View.php(240): include()
 2 SYSTEMPATH/View/View.php(243): CodeIgniter\View\View->CodeIgniter\View\{closure}()
 3 SYSTEMPATH/Common.php(1268): CodeIgniter\View\View->render('testUser', [], true)
 4 APPPATH/Controllers/Home.php(20): view('testUser', [...])
 5 SYSTEMPATH/CodeIgniter.php(974): App\Controllers\Home->testUser('2')
 6 SYSTEMPATH/CodeIgniter.php(520): CodeIgniter\CodeIgniter->runController(Object(App\Controllers\Home))
 7 SYSTEMPATH/CodeIgniter.php(363): CodeIgniter\CodeIgniter->handleRequest(null, Object(Config\Cache), false)
 8 SYSTEMPATH/Boot.php(417): CodeIgniter\CodeIgniter->run()
 9 SYSTEMPATH/Boot.php(68): CodeIgniter\Boot::runCodeIgniter(Object(CodeIgniter\CodeIgniter))
10 FCPATH/index.php(59): CodeIgniter\Boot::bootWeb(Object(Config\Paths))
CRITICAL - 2026-09-17 19:53:43 --> TypeError: Cannot access offset of type string on string
[Method: GET, Route: testUser/2]
in APPPATH/Views/testUser.php on line 14.
 1 SYSTEMPATH/View/View.php(240): include()
 2 SYSTEMPATH/View/View.php(243): CodeIgniter\View\View->CodeIgniter\View\{closure}()
 3 SYSTEMPATH/Common.php(1268): CodeIgniter\View\View->render('testUser', [], true)
 4 APPPATH/Controllers/Home.php(20): view('testUser', [...])
 5 SYSTEMPATH/CodeIgniter.php(974): App\Controllers\Home->testUser('2')
 6 SYSTEMPATH/CodeIgniter.php(520): CodeIgniter\CodeIgniter->runController(Object(App\Controllers\Home))
 7 SYSTEMPATH/CodeIgniter.php(363): CodeIgniter\CodeIgniter->handleRequest(null, Object(Config\Cache), false)
 8 SYSTEMPATH/Boot.php(417): CodeIgniter\CodeIgniter->run()
 9 SYSTEMPATH/Boot.php(68): CodeIgniter\Boot::runCodeIgniter(Object(CodeIgniter\CodeIgniter))
10 FCPATH/index.php(59): CodeIgniter\Boot::bootWeb(Object(Config\Paths))
CRITICAL - 2026-09-17 19:53:43 --> TypeError: Cannot access offset of type string on string
[Method: GET, Route: testUser/2]
in APPPATH/Views/testUser.php on line 14.
 1 SYSTEMPATH/View/View.php(240): include()
 2 SYSTEMPATH/View/View.php(243): CodeIgniter\View\View->CodeIgniter\View\{closure}()
 3 SYSTEMPATH/Common.php(1268): CodeIgniter\View\View->render('testUser', [], true)
 4 APPPATH/Controllers/Home.php(20): view('testUser', [...])
 5 SYSTEMPATH/CodeIgniter.php(974): App\Controllers\Home->testUser('2')
 6 SYSTEMPATH/CodeIgniter.php(520): CodeIgniter\CodeIgniter->runController(Object(App\Controllers\Home))
 7 SYSTEMPATH/CodeIgniter.php(363): CodeIgniter\CodeIgniter->handleRequest(null, Object(Config\Cache), false)
 8 SYSTEMPATH/Boot.php(417): CodeIgniter\CodeIgniter->run()
 9 SYSTEMPATH/Boot.php(68): CodeIgniter\Boot::runCodeIgniter(Object(CodeIgniter\CodeIgniter))
10 FCPATH/index.php(59): CodeIgniter\Boot::bootWeb(Object(Config\Paths))
CRITICAL - 2026-09-17 19:53:44 --> TypeError: Cannot access offset of type string on string
[Method: GET, Route: testUser/2]
in APPPATH/Views/testUser.php on line 14.
 1 SYSTEMPATH/View/View.php(240): include()
 2 SYSTEMPATH/View/View.php(243): CodeIgniter\View\View->CodeIgniter\View\{closure}()
 3 SYSTEMPATH/Common.php(1268): CodeIgniter\View\View->render('testUser', [], true)
 4 APPPATH/Controllers/Home.php(20): view('testUser', [...])
 5 SYSTEMPATH/CodeIgniter.php(974): App\Controllers\Home->testUser('2')
 6 SYSTEMPATH/CodeIgniter.php(520): CodeIgniter\CodeIgniter->runController(Object(App\Controllers\Home))
 7 SYSTEMPATH/CodeIgniter.php(363): CodeIgniter\CodeIgniter->handleRequest(null, Object(Config\Cache), false)
 8 SYSTEMPATH/Boot.php(417): CodeIgniter\CodeIgniter->run()
 9 SYSTEMPATH/Boot.php(68): CodeIgniter\Boot::runCodeIgniter(Object(CodeIgniter\CodeIgniter))
10 FCPATH/index.php(59): CodeIgniter\Boot::bootWeb(Object(Config\Paths))
CRITICAL - 2026-09-17 19:54:13 --> ErrorException: Undefined variable $users
[Method: GET, Route: testUser/2]
in APPPATH/Views/testUser.php on line 13.
 1 APPPATH/Views/testUser.php(13): CodeIgniter\Debug\Exceptions->errorHandler(2, 'Undefined variable $users', '/Applications/MAMP/htdocs/Escrow/app/Views/testUser.php', 13)
 2 SYSTEMPATH/View/View.php(240): include('/Applications/MAMP/htdocs/Escrow/app/Views/testUser.php')
 3 SYSTEMPATH/View/View.php(243): CodeIgniter\View\View->CodeIgniter\View\{closure}()
 4 SYSTEMPATH/Common.php(1268): CodeIgniter\View\View->render('testUser', [], true)
 5 APPPATH/Controllers/Home.php(20): view('testUser', [...])
 6 SYSTEMPATH/CodeIgniter.php(974): App\Controllers\Home->testUser('2')
 7 SYSTEMPATH/CodeIgniter.php(520): CodeIgniter\CodeIgniter->runController(Object(App\Controllers\Home))
 8 SYSTEMPATH/CodeIgniter.php(363): CodeIgniter\CodeIgniter->handleRequest(null, Object(Config\Cache), false)
 9 SYSTEMPATH/Boot.php(417): CodeIgniter\CodeIgniter->run()
10 SYSTEMPATH/Boot.php(68): CodeIgniter\Boot::runCodeIgniter(Object(CodeIgniter\CodeIgniter))
11 FCPATH/index.php(59): CodeIgniter\Boot::bootWeb(Object(Config\Paths))
CRITICAL - 2026-09-17 19:54:13 --> ErrorException: Undefined variable $users
[Method: GET, Route: testUser/2]
in APPPATH/Views/testUser.php on line 13.
 1 APPPATH/Views/testUser.php(13): CodeIgniter\Debug\Exceptions->errorHandler(2, 'Undefined variable $users', '/Applications/MAMP/htdocs/Escrow/app/Views/testUser.php', 13)
 2 SYSTEMPATH/View/View.php(240): include('/Applications/MAMP/htdocs/Escrow/app/Views/testUser.php')
 3 SYSTEMPATH/View/View.php(243): CodeIgniter\View\View->CodeIgniter\View\{closure}()
 4 SYSTEMPATH/Common.php(1268): CodeIgniter\View\View->render('testUser', [], true)
 5 APPPATH/Controllers/Home.php(20): view('testUser', [...])
 6 SYSTEMPATH/CodeIgniter.php(974): App\Controllers\Home->testUser('2')
 7 SYSTEMPATH/CodeIgniter.php(520): CodeIgniter\CodeIgniter->runController(Object(App\Controllers\Home))
 8 SYSTEMPATH/CodeIgniter.php(363): CodeIgniter\CodeIgniter->handleRequest(null, Object(Config\Cache), false)
 9 SYSTEMPATH/Boot.php(417): CodeIgniter\CodeIgniter->run()
10 SYSTEMPATH/Boot.php(68): CodeIgniter\Boot::runCodeIgniter(Object(CodeIgniter\CodeIgniter))
11 FCPATH/index.php(59): CodeIgniter\Boot::bootWeb(Object(Config\Paths))
CRITICAL - 2026-09-17 19:54:14 --> ErrorException: Undefined variable $users
[Method: GET, Route: testUser/2]
in APPPATH/Views/testUser.php on line 13.
 1 APPPATH/Views/testUser.php(13): CodeIgniter\Debug\Exceptions->errorHandler(2, 'Undefined variable $users', '/Applications/MAMP/htdocs/Escrow/app/Views/testUser.php', 13)
 2 SYSTEMPATH/View/View.php(240): include('/Applications/MAMP/htdocs/Escrow/app/Views/testUser.php')
 3 SYSTEMPATH/View/View.php(243): CodeIgniter\View\View->CodeIgniter\View\{closure}()
 4 SYSTEMPATH/Common.php(1268): CodeIgniter\View\View->render('testUser', [], true)
 5 APPPATH/Controllers/Home.php(20): view('testUser', [...])
 6 SYSTEMPATH/CodeIgniter.php(974): App\Controllers\Home->testUser('2')
 7 SYSTEMPATH/CodeIgniter.php(520): CodeIgniter\CodeIgniter->runController(Object(App\Controllers\Home))
 8 SYSTEMPATH/CodeIgniter.php(363): CodeIgniter\CodeIgniter->handleRequest(null, Object(Config\Cache), false)
 9 SYSTEMPATH/Boot.php(417): CodeIgniter\CodeIgniter->run()
10 SYSTEMPATH/Boot.php(68): CodeIgniter\Boot::runCodeIgniter(Object(CodeIgniter\CodeIgniter))
11 FCPATH/index.php(59): CodeIgniter\Boot::bootWeb(Object(Config\Paths))
CRITICAL - 2026-09-17 19:55:06 --> TypeError: Cannot access offset of type string on string
[Method: GET, Route: testUser/2]
in APPPATH/Views/testUser.php on line 14.
 1 SYSTEMPATH/View/View.php(240): include()
 2 SYSTEMPATH/View/View.php(243): CodeIgniter\View\View->CodeIgniter\View\{closure}()
 3 SYSTEMPATH/Common.php(1268): CodeIgniter\View\View->render('testUser', [], true)
 4 APPPATH/Controllers/Home.php(19): view('testUser', [...])
 5 SYSTEMPATH/CodeIgniter.php(974): App\Controllers\Home->testUser('2')
 6 SYSTEMPATH/CodeIgniter.php(520): CodeIgniter\CodeIgniter->runController(Object(App\Controllers\Home))
 7 SYSTEMPATH/CodeIgniter.php(363): CodeIgniter\CodeIgniter->handleRequest(null, Object(Config\Cache), false)
 8 SYSTEMPATH/Boot.php(417): CodeIgniter\CodeIgniter->run()
 9 SYSTEMPATH/Boot.php(68): CodeIgniter\Boot::runCodeIgniter(Object(CodeIgniter\CodeIgniter))
10 FCPATH/index.php(59): CodeIgniter\Boot::bootWeb(Object(Config\Paths))
CRITICAL - 2026-09-17 19:55:06 --> TypeError: Cannot access offset of type string on string
[Method: GET, Route: testUser/2]
in APPPATH/Views/testUser.php on line 14.
 1 SYSTEMPATH/View/View.php(240): include()
 2 SYSTEMPATH/View/View.php(243): CodeIgniter\View\View->CodeIgniter\View\{closure}()
 3 SYSTEMPATH/Common.php(1268): CodeIgniter\View\View->render('testUser', [], true)
 4 APPPATH/Controllers/Home.php(19): view('testUser', [...])
 5 SYSTEMPATH/CodeIgniter.php(974): App\Controllers\Home->testUser('2')
 6 SYSTEMPATH/CodeIgniter.php(520): CodeIgniter\CodeIgniter->runController(Object(App\Controllers\Home))
 7 SYSTEMPATH/CodeIgniter.php(363): CodeIgniter\CodeIgniter->handleRequest(null, Object(Config\Cache), false)
 8 SYSTEMPATH/Boot.php(417): CodeIgniter\CodeIgniter->run()
 9 SYSTEMPATH/Boot.php(68): CodeIgniter\Boot::runCodeIgniter(Object(CodeIgniter\CodeIgniter))
10 FCPATH/index.php(59): CodeIgniter\Boot::bootWeb(Object(Config\Paths))
CRITICAL - 2026-09-17 19:55:07 --> TypeError: Cannot access offset of type string on string
[Method: GET, Route: testUser/2]
in APPPATH/Views/testUser.php on line 14.
 1 SYSTEMPATH/View/View.php(240): include()
 2 SYSTEMPATH/View/View.php(243): CodeIgniter\View\View->CodeIgniter\View\{closure}()
 3 SYSTEMPATH/Common.php(1268): CodeIgniter\View\View->render('testUser', [], true)
 4 APPPATH/Controllers/Home.php(19): view('testUser', [...])
 5 SYSTEMPATH/CodeIgniter.php(974): App\Controllers\Home->testUser('2')
 6 SYSTEMPATH/CodeIgniter.php(520): CodeIgniter\CodeIgniter->runController(Object(App\Controllers\Home))
 7 SYSTEMPATH/CodeIgniter.php(363): CodeIgniter\CodeIgniter->handleRequest(null, Object(Config\Cache), false)
 8 SYSTEMPATH/Boot.php(417): CodeIgniter\CodeIgniter->run()
 9 SYSTEMPATH/Boot.php(68): CodeIgniter\Boot::runCodeIgniter(Object(CodeIgniter\CodeIgniter))
10 FCPATH/index.php(59): CodeIgniter\Boot::bootWeb(Object(Config\Paths))
CRITICAL - 2026-09-17 19:55:13 --> TypeError: Cannot access offset of type string on string
[Method: GET, Route: testUser/1]
in APPPATH/Views/testUser.php on line 14.
 1 SYSTEMPATH/View/View.php(240): include()
 2 SYSTEMPATH/View/View.php(243): CodeIgniter\View\View->CodeIgniter\View\{closure}()
 3 SYSTEMPATH/Common.php(1268): CodeIgniter\View\View->render('testUser', [], true)
 4 APPPATH/Controllers/Home.php(19): view('testUser', [...])
 5 SYSTEMPATH/CodeIgniter.php(974): App\Controllers\Home->testUser('1')
 6 SYSTEMPATH/CodeIgniter.php(520): CodeIgniter\CodeIgniter->runController(Object(App\Controllers\Home))
 7 SYSTEMPATH/CodeIgniter.php(363): CodeIgniter\CodeIgniter->handleRequest(null, Object(Config\Cache), false)
 8 SYSTEMPATH/Boot.php(417): CodeIgniter\CodeIgniter->run()
 9 SYSTEMPATH/Boot.php(68): CodeIgniter\Boot::runCodeIgniter(Object(CodeIgniter\CodeIgniter))
10 FCPATH/index.php(59): CodeIgniter\Boot::bootWeb(Object(Config\Paths))
CRITICAL - 2026-09-17 19:55:23 --> TypeError: Cannot access offset of type string on string
[Method: GET, Route: testUser/1]
in APPPATH/Views/testUser.php on line 14.
 1 SYSTEMPATH/View/View.php(240): include()
 2 SYSTEMPATH/View/View.php(243): CodeIgniter\View\View->CodeIgniter\View\{closure}()
 3 SYSTEMPATH/Common.php(1268): CodeIgniter\View\View->render('testUser', [], true)
 4 APPPATH/Controllers/Home.php(19): view('testUser', [...])
 5 SYSTEMPATH/CodeIgniter.php(974): App\Controllers\Home->testUser('1')
 6 SYSTEMPATH/CodeIgniter.php(520): CodeIgniter\CodeIgniter->runController(Object(App\Controllers\Home))
 7 SYSTEMPATH/CodeIgniter.php(363): CodeIgniter\CodeIgniter->handleRequest(null, Object(Config\Cache), false)
 8 SYSTEMPATH/Boot.php(417): CodeIgniter\CodeIgniter->run()
 9 SYSTEMPATH/Boot.php(68): CodeIgniter\Boot::runCodeIgniter(Object(CodeIgniter\CodeIgniter))
10 FCPATH/index.php(59): CodeIgniter\Boot::bootWeb(Object(Config\Paths))
CRITICAL - 2026-09-17 19:55:24 --> TypeError: Cannot access offset of type string on string
[Method: GET, Route: testUser/1]
in APPPATH/Views/testUser.php on line 14.
 1 SYSTEMPATH/View/View.php(240): include()
 2 SYSTEMPATH/View/View.php(243): CodeIgniter\View\View->CodeIgniter\View\{closure}()
 3 SYSTEMPATH/Common.php(1268): CodeIgniter\View\View->render('testUser', [], true)
 4 APPPATH/Controllers/Home.php(19): view('testUser', [...])
 5 SYSTEMPATH/CodeIgniter.php(974): App\Controllers\Home->testUser('1')
 6 SYSTEMPATH/CodeIgniter.php(520): CodeIgniter\CodeIgniter->runController(Object(App\Controllers\Home))
 7 SYSTEMPATH/CodeIgniter.php(363): CodeIgniter\CodeIgniter->handleRequest(null, Object(Config\Cache), false)
 8 SYSTEMPATH/Boot.php(417): CodeIgniter\CodeIgniter->run()
 9 SYSTEMPATH/Boot.php(68): CodeIgniter\Boot::runCodeIgniter(Object(CodeIgniter\CodeIgniter))
10 FCPATH/index.php(59): CodeIgniter\Boot::bootWeb(Object(Config\Paths))
CRITICAL - 2026-09-17 19:55:24 --> TypeError: Cannot access offset of type string on string
[Method: GET, Route: testUser/1]
in APPPATH/Views/testUser.php on line 14.
 1 SYSTEMPATH/View/View.php(240): include()
 2 SYSTEMPATH/View/View.php(243): CodeIgniter\View\View->CodeIgniter\View\{closure}()
 3 SYSTEMPATH/Common.php(1268): CodeIgniter\View\View->render('testUser', [], true)
 4 APPPATH/Controllers/Home.php(19): view('testUser', [...])
 5 SYSTEMPATH/CodeIgniter.php(974): App\Controllers\Home->testUser('1')
 6 SYSTEMPATH/CodeIgniter.php(520): CodeIgniter\CodeIgniter->runController(Object(App\Controllers\Home))
 7 SYSTEMPATH/CodeIgniter.php(363): CodeIgniter\CodeIgniter->handleRequest(null, Object(Config\Cache), false)
 8 SYSTEMPATH/Boot.php(417): CodeIgniter\CodeIgniter->run()
 9 SYSTEMPATH/Boot.php(68): CodeIgniter\Boot::runCodeIgniter(Object(CodeIgniter\CodeIgniter))
10 FCPATH/index.php(59): CodeIgniter\Boot::bootWeb(Object(Config\Paths))
CRITICAL - 2026-09-17 19:55:24 --> TypeError: Cannot access offset of type string on string
[Method: GET, Route: testUser/1]
in APPPATH/Views/testUser.php on line 14.
 1 SYSTEMPATH/View/View.php(240): include()
 2 SYSTEMPATH/View/View.php(243): CodeIgniter\View\View->CodeIgniter\View\{closure}()
 3 SYSTEMPATH/Common.php(1268): CodeIgniter\View\View->render('testUser', [], true)
 4 APPPATH/Controllers/Home.php(19): view('testUser', [...])
 5 SYSTEMPATH/CodeIgniter.php(974): App\Controllers\Home->testUser('1')
 6 SYSTEMPATH/CodeIgniter.php(520): CodeIgniter\CodeIgniter->runController(Object(App\Controllers\Home))
 7 SYSTEMPATH/CodeIgniter.php(363): CodeIgniter\CodeIgniter->handleRequest(null, Object(Config\Cache), false)
 8 SYSTEMPATH/Boot.php(417): CodeIgniter\CodeIgniter->run()
 9 SYSTEMPATH/Boot.php(68): CodeIgniter\Boot::runCodeIgniter(Object(CodeIgniter\CodeIgniter))
10 FCPATH/index.php(59): CodeIgniter\Boot::bootWeb(Object(Config\Paths))
CRITICAL - 2026-09-17 19:55:24 --> TypeError: Cannot access offset of type string on string
[Method: GET, Route: testUser/1]
in APPPATH/Views/testUser.php on line 14.
 1 SYSTEMPATH/View/View.php(240): include()
 2 SYSTEMPATH/View/View.php(243): CodeIgniter\View\View->CodeIgniter\View\{closure}()
 3 SYSTEMPATH/Common.php(1268): CodeIgniter\View\View->render('testUser', [], true)
 4 APPPATH/Controllers/Home.php(19): view('testUser', [...])
 5 SYSTEMPATH/CodeIgniter.php(974): App\Controllers\Home->testUser('1')
 6 SYSTEMPATH/CodeIgniter.php(520): CodeIgniter\CodeIgniter->runController(Object(App\Controllers\Home))
 7 SYSTEMPATH/CodeIgniter.php(363): CodeIgniter\CodeIgniter->handleRequest(null, Object(Config\Cache), false)
 8 SYSTEMPATH/Boot.php(417): CodeIgniter\CodeIgniter->run()
 9 SYSTEMPATH/Boot.php(68): CodeIgniter\Boot::runCodeIgniter(Object(CodeIgniter\CodeIgniter))
10 FCPATH/index.php(59): CodeIgniter\Boot::bootWeb(Object(Config\Paths))
CRITICAL - 2026-09-17 19:55:35 --> TypeError: Cannot access offset of type string on string
[Method: GET, Route: testUser/1]
in APPPATH/Views/testUser.php on line 14.
 1 SYSTEMPATH/View/View.php(240): include()
 2 SYSTEMPATH/View/View.php(243): CodeIgniter\View\View->CodeIgniter\View\{closure}()
 3 SYSTEMPATH/Common.php(1268): CodeIgniter\View\View->render('testUser', [], true)
 4 APPPATH/Controllers/Home.php(19): view('testUser', [...])
 5 SYSTEMPATH/CodeIgniter.php(974): App\Controllers\Home->testUser('1')
 6 SYSTEMPATH/CodeIgniter.php(520): CodeIgniter\CodeIgniter->runController(Object(App\Controllers\Home))
 7 SYSTEMPATH/CodeIgniter.php(363): CodeIgniter\CodeIgniter->handleRequest(null, Object(Config\Cache), false)
 8 SYSTEMPATH/Boot.php(417): CodeIgniter\CodeIgniter->run()
 9 SYSTEMPATH/Boot.php(68): CodeIgniter\Boot::runCodeIgniter(Object(CodeIgniter\CodeIgniter))
10 FCPATH/index.php(59): CodeIgniter\Boot::bootWeb(Object(Config\Paths))
CRITICAL - 2026-09-17 19:55:36 --> TypeError: Cannot access offset of type string on string
[Method: GET, Route: testUser/1]
in APPPATH/Views/testUser.php on line 14.
 1 SYSTEMPATH/View/View.php(240): include()
 2 SYSTEMPATH/View/View.php(243): CodeIgniter\View\View->CodeIgniter\View\{closure}()
 3 SYSTEMPATH/Common.php(1268): CodeIgniter\View\View->render('testUser', [], true)
 4 APPPATH/Controllers/Home.php(19): view('testUser', [...])
 5 SYSTEMPATH/CodeIgniter.php(974): App\Controllers\Home->testUser('1')
 6 SYSTEMPATH/CodeIgniter.php(520): CodeIgniter\CodeIgniter->runController(Object(App\Controllers\Home))
 7 SYSTEMPATH/CodeIgniter.php(363): CodeIgniter\CodeIgniter->handleRequest(null, Object(Config\Cache), false)
 8 SYSTEMPATH/Boot.php(417): CodeIgniter\CodeIgniter->run()
 9 SYSTEMPATH/Boot.php(68): CodeIgniter\Boot::runCodeIgniter(Object(CodeIgniter\CodeIgniter))
10 FCPATH/index.php(59): CodeIgniter\Boot::bootWeb(Object(Config\Paths))
CRITICAL - 2026-09-17 19:55:36 --> TypeError: Cannot access offset of type string on string
[Method: GET, Route: testUser/1]
in APPPATH/Views/testUser.php on line 14.
 1 SYSTEMPATH/View/View.php(240): include()
 2 SYSTEMPATH/View/View.php(243): CodeIgniter\View\View->CodeIgniter\View\{closure}()
 3 SYSTEMPATH/Common.php(1268): CodeIgniter\View\View->render('testUser', [], true)
 4 APPPATH/Controllers/Home.php(19): view('testUser', [...])
 5 SYSTEMPATH/CodeIgniter.php(974): App\Controllers\Home->testUser('1')
 6 SYSTEMPATH/CodeIgniter.php(520): CodeIgniter\CodeIgniter->runController(Object(App\Controllers\Home))
 7 SYSTEMPATH/CodeIgniter.php(363): CodeIgniter\CodeIgniter->handleRequest(null, Object(Config\Cache), false)
 8 SYSTEMPATH/Boot.php(417): CodeIgniter\CodeIgniter->run()
 9 SYSTEMPATH/Boot.php(68): CodeIgniter\Boot::runCodeIgniter(Object(CodeIgniter\CodeIgniter))
10 FCPATH/index.php(59): CodeIgniter\Boot::bootWeb(Object(Config\Paths))
CRITICAL - 2026-09-17 19:55:36 --> TypeError: Cannot access offset of type string on string
[Method: GET, Route: testUser/1]
in APPPATH/Views/testUser.php on line 14.
 1 SYSTEMPATH/View/View.php(240): include()
 2 SYSTEMPATH/View/View.php(243): CodeIgniter\View\View->CodeIgniter\View\{closure}()
 3 SYSTEMPATH/Common.php(1268): CodeIgniter\View\View->render('testUser', [], true)
 4 APPPATH/Controllers/Home.php(19): view('testUser', [...])
 5 SYSTEMPATH/CodeIgniter.php(974): App\Controllers\Home->testUser('1')
 6 SYSTEMPATH/CodeIgniter.php(520): CodeIgniter\CodeIgniter->runController(Object(App\Controllers\Home))
 7 SYSTEMPATH/CodeIgniter.php(363): CodeIgniter\CodeIgniter->handleRequest(null, Object(Config\Cache), false)
 8 SYSTEMPATH/Boot.php(417): CodeIgniter\CodeIgniter->run()
 9 SYSTEMPATH/Boot.php(68): CodeIgniter\Boot::runCodeIgniter(Object(CodeIgniter\CodeIgniter))
10 FCPATH/index.php(59): CodeIgniter\Boot::bootWeb(Object(Config\Paths))
CRITICAL - 2026-09-17 19:55:36 --> TypeError: Cannot access offset of type string on string
[Method: GET, Route: testUser/1]
in APPPATH/Views/testUser.php on line 14.
 1 SYSTEMPATH/View/View.php(240): include()
 2 SYSTEMPATH/View/View.php(243): CodeIgniter\View\View->CodeIgniter\View\{closure}()
 3 SYSTEMPATH/Common.php(1268): CodeIgniter\View\View->render('testUser', [], true)
 4 APPPATH/Controllers/Home.php(19): view('testUser', [...])
 5 SYSTEMPATH/CodeIgniter.php(974): App\Controllers\Home->testUser('1')
 6 SYSTEMPATH/CodeIgniter.php(520): CodeIgniter\CodeIgniter->runController(Object(App\Controllers\Home))
 7 SYSTEMPATH/CodeIgniter.php(363): CodeIgniter\CodeIgniter->handleRequest(null, Object(Config\Cache), false)
 8 SYSTEMPATH/Boot.php(417): CodeIgniter\CodeIgniter->run()
 9 SYSTEMPATH/Boot.php(68): CodeIgniter\Boot::runCodeIgniter(Object(CodeIgniter\CodeIgniter))
10 FCPATH/index.php(59): CodeIgniter\Boot::bootWeb(Object(Config\Paths))
CRITICAL - 2026-09-17 19:55:36 --> TypeError: Cannot access offset of type string on string
[Method: GET, Route: testUser/1]
in APPPATH/Views/testUser.php on line 14.
 1 SYSTEMPATH/View/View.php(240): include()
 2 SYSTEMPATH/View/View.php(243): CodeIgniter\View\View->CodeIgniter\View\{closure}()
 3 SYSTEMPATH/Common.php(1268): CodeIgniter\View\View->render('testUser', [], true)
 4 APPPATH/Controllers/Home.php(19): view('testUser', [...])
 5 SYSTEMPATH/CodeIgniter.php(974): App\Controllers\Home->testUser('1')
 6 SYSTEMPATH/CodeIgniter.php(520): CodeIgniter\CodeIgniter->runController(Object(App\Controllers\Home))
 7 SYSTEMPATH/CodeIgniter.php(363): CodeIgniter\CodeIgniter->handleRequest(null, Object(Config\Cache), false)
 8 SYSTEMPATH/Boot.php(417): CodeIgniter\CodeIgniter->run()
 9 SYSTEMPATH/Boot.php(68): CodeIgniter\Boot::runCodeIgniter(Object(CodeIgniter\CodeIgniter))
10 FCPATH/index.php(59): CodeIgniter\Boot::bootWeb(Object(Config\Paths))
CRITICAL - 2026-09-17 19:55:37 --> TypeError: Cannot access offset of type string on string
[Method: GET, Route: testUser/1]
in APPPATH/Views/testUser.php on line 14.
 1 SYSTEMPATH/View/View.php(240): include()
 2 SYSTEMPATH/View/View.php(243): CodeIgniter\View\View->CodeIgniter\View\{closure}()
 3 SYSTEMPATH/Common.php(1268): CodeIgniter\View\View->render('testUser', [], true)
 4 APPPATH/Controllers/Home.php(19): view('testUser', [...])
 5 SYSTEMPATH/CodeIgniter.php(974): App\Controllers\Home->testUser('1')
 6 SYSTEMPATH/CodeIgniter.php(520): CodeIgniter\CodeIgniter->runController(Object(App\Controllers\Home))
 7 SYSTEMPATH/CodeIgniter.php(363): CodeIgniter\CodeIgniter->handleRequest(null, Object(Config\Cache), false)
 8 SYSTEMPATH/Boot.php(417): CodeIgniter\CodeIgniter->run()
 9 SYSTEMPATH/Boot.php(68): CodeIgniter\Boot::runCodeIgniter(Object(CodeIgniter\CodeIgniter))
10 FCPATH/index.php(59): CodeIgniter\Boot::bootWeb(Object(Config\Paths))
CRITICAL - 2026-09-17 19:55:37 --> TypeError: Cannot access offset of type string on string
[Method: GET, Route: testUser/1]
in APPPATH/Views/testUser.php on line 14.
 1 SYSTEMPATH/View/View.php(240): include()
 2 SYSTEMPATH/View/View.php(243): CodeIgniter\View\View->CodeIgniter\View\{closure}()
 3 SYSTEMPATH/Common.php(1268): CodeIgniter\View\View->render('testUser', [], true)
 4 APPPATH/Controllers/Home.php(19): view('testUser', [...])
 5 SYSTEMPATH/CodeIgniter.php(974): App\Controllers\Home->testUser('1')
 6 SYSTEMPATH/CodeIgniter.php(520): CodeIgniter\CodeIgniter->runController(Object(App\Controllers\Home))
 7 SYSTEMPATH/CodeIgniter.php(363): CodeIgniter\CodeIgniter->handleRequest(null, Object(Config\Cache), false)
 8 SYSTEMPATH/Boot.php(417): CodeIgniter\CodeIgniter->run()
 9 SYSTEMPATH/Boot.php(68): CodeIgniter\Boot::runCodeIgniter(Object(CodeIgniter\CodeIgniter))
10 FCPATH/index.php(59): CodeIgniter\Boot::bootWeb(Object(Config\Paths))
CRITICAL - 2026-09-17 19:55:37 --> TypeError: Cannot access offset of type string on string
[Method: GET, Route: testUser/1]
in APPPATH/Views/testUser.php on line 14.
 1 SYSTEMPATH/View/View.php(240): include()
 2 SYSTEMPATH/View/View.php(243): CodeIgniter\View\View->CodeIgniter\View\{closure}()
 3 SYSTEMPATH/Common.php(1268): CodeIgniter\View\View->render('testUser', [], true)
 4 APPPATH/Controllers/Home.php(19): view('testUser', [...])
 5 SYSTEMPATH/CodeIgniter.php(974): App\Controllers\Home->testUser('1')
 6 SYSTEMPATH/CodeIgniter.php(520): CodeIgniter\CodeIgniter->runController(Object(App\Controllers\Home))
 7 SYSTEMPATH/CodeIgniter.php(363): CodeIgniter\CodeIgniter->handleRequest(null, Object(Config\Cache), false)
 8 SYSTEMPATH/Boot.php(417): CodeIgniter\CodeIgniter->run()
 9 SYSTEMPATH/Boot.php(68): CodeIgniter\Boot::runCodeIgniter(Object(CodeIgniter\CodeIgniter))
10 FCPATH/index.php(59): CodeIgniter\Boot::bootWeb(Object(Config\Paths))
CRITICAL - 2026-09-17 19:55:38 --> TypeError: Cannot access offset of type string on string
[Method: GET, Route: testUser/1]
in APPPATH/Views/testUser.php on line 14.
 1 SYSTEMPATH/View/View.php(240): include()
 2 SYSTEMPATH/View/View.php(243): CodeIgniter\View\View->CodeIgniter\View\{closure}()
 3 SYSTEMPATH/Common.php(1268): CodeIgniter\View\View->render('testUser', [], true)
 4 APPPATH/Controllers/Home.php(19): view('testUser', [...])
 5 SYSTEMPATH/CodeIgniter.php(974): App\Controllers\Home->testUser('1')
 6 SYSTEMPATH/CodeIgniter.php(520): CodeIgniter\CodeIgniter->runController(Object(App\Controllers\Home))
 7 SYSTEMPATH/CodeIgniter.php(363): CodeIgniter\CodeIgniter->handleRequest(null, Object(Config\Cache), false)
 8 SYSTEMPATH/Boot.php(417): CodeIgniter\CodeIgniter->run()
 9 SYSTEMPATH/Boot.php(68): CodeIgniter\Boot::runCodeIgniter(Object(CodeIgniter\CodeIgniter))
10 FCPATH/index.php(59): CodeIgniter\Boot::bootWeb(Object(Config\Paths))
CRITICAL - 2026-09-17 19:55:38 --> TypeError: Cannot access offset of type string on string
[Method: GET, Route: testUser/1]
in APPPATH/Views/testUser.php on line 14.
 1 SYSTEMPATH/View/View.php(240): include()
 2 SYSTEMPATH/View/View.php(243): CodeIgniter\View\View->CodeIgniter\View\{closure}()
 3 SYSTEMPATH/Common.php(1268): CodeIgniter\View\View->render('testUser', [], true)
 4 APPPATH/Controllers/Home.php(19): view('testUser', [...])
 5 SYSTEMPATH/CodeIgniter.php(974): App\Controllers\Home->testUser('1')
 6 SYSTEMPATH/CodeIgniter.php(520): CodeIgniter\CodeIgniter->runController(Object(App\Controllers\Home))
 7 SYSTEMPATH/CodeIgniter.php(363): CodeIgniter\CodeIgniter->handleRequest(null, Object(Config\Cache), false)
 8 SYSTEMPATH/Boot.php(417): CodeIgniter\CodeIgniter->run()
 9 SYSTEMPATH/Boot.php(68): CodeIgniter\Boot::runCodeIgniter(Object(CodeIgniter\CodeIgniter))
10 FCPATH/index.php(59): CodeIgniter\Boot::bootWeb(Object(Config\Paths))
CRITICAL - 2026-09-17 19:55:47 --> TypeError: Cannot access offset of type string on string
[Method: GET, Route: testUser/1]
in APPPATH/Views/testUser.php on line 14.
 1 SYSTEMPATH/View/View.php(240): include()
 2 SYSTEMPATH/View/View.php(243): CodeIgniter\View\View->CodeIgniter\View\{closure}()
 3 SYSTEMPATH/Common.php(1268): CodeIgniter\View\View->render('testUser', [], true)
 4 APPPATH/Controllers/Home.php(19): view('testUser', [...])
 5 SYSTEMPATH/CodeIgniter.php(974): App\Controllers\Home->testUser('1')
 6 SYSTEMPATH/CodeIgniter.php(520): CodeIgniter\CodeIgniter->runController(Object(App\Controllers\Home))
 7 SYSTEMPATH/CodeIgniter.php(363): CodeIgniter\CodeIgniter->handleRequest(null, Object(Config\Cache), false)
 8 SYSTEMPATH/Boot.php(417): CodeIgniter\CodeIgniter->run()
 9 SYSTEMPATH/Boot.php(68): CodeIgniter\Boot::runCodeIgniter(Object(CodeIgniter\CodeIgniter))
10 FCPATH/index.php(59): CodeIgniter\Boot::bootWeb(Object(Config\Paths))
CRITICAL - 2026-09-17 19:55:48 --> TypeError: Cannot access offset of type string on string
[Method: GET, Route: testUser/1]
in APPPATH/Views/testUser.php on line 14.
 1 SYSTEMPATH/View/View.php(240): include()
 2 SYSTEMPATH/View/View.php(243): CodeIgniter\View\View->CodeIgniter\View\{closure}()
 3 SYSTEMPATH/Common.php(1268): CodeIgniter\View\View->render('testUser', [], true)
 4 APPPATH/Controllers/Home.php(19): view('testUser', [...])
 5 SYSTEMPATH/CodeIgniter.php(974): App\Controllers\Home->testUser('1')
 6 SYSTEMPATH/CodeIgniter.php(520): CodeIgniter\CodeIgniter->runController(Object(App\Controllers\Home))
 7 SYSTEMPATH/CodeIgniter.php(363): CodeIgniter\CodeIgniter->handleRequest(null, Object(Config\Cache), false)
 8 SYSTEMPATH/Boot.php(417): CodeIgniter\CodeIgniter->run()
 9 SYSTEMPATH/Boot.php(68): CodeIgniter\Boot::runCodeIgniter(Object(CodeIgniter\CodeIgniter))
10 FCPATH/index.php(59): CodeIgniter\Boot::bootWeb(Object(Config\Paths))
CRITICAL - 2026-09-17 19:55:48 --> TypeError: Cannot access offset of type string on string
[Method: GET, Route: testUser/1]
in APPPATH/Views/testUser.php on line 14.
 1 SYSTEMPATH/View/View.php(240): include()
 2 SYSTEMPATH/View/View.php(243): CodeIgniter\View\View->CodeIgniter\View\{closure}()
 3 SYSTEMPATH/Common.php(1268): CodeIgniter\View\View->render('testUser', [], true)
 4 APPPATH/Controllers/Home.php(19): view('testUser', [...])
 5 SYSTEMPATH/CodeIgniter.php(974): App\Controllers\Home->testUser('1')
 6 SYSTEMPATH/CodeIgniter.php(520): CodeIgniter\CodeIgniter->runController(Object(App\Controllers\Home))
 7 SYSTEMPATH/CodeIgniter.php(363): CodeIgniter\CodeIgniter->handleRequest(null, Object(Config\Cache), false)
 8 SYSTEMPATH/Boot.php(417): CodeIgniter\CodeIgniter->run()
 9 SYSTEMPATH/Boot.php(68): CodeIgniter\Boot::runCodeIgniter(Object(CodeIgniter\CodeIgniter))
10 FCPATH/index.php(59): CodeIgniter\Boot::bootWeb(Object(Config\Paths))
CRITICAL - 2026-09-17 19:55:48 --> TypeError: Cannot access offset of type string on string
[Method: GET, Route: testUser/1]
in APPPATH/Views/testUser.php on line 14.
 1 SYSTEMPATH/View/View.php(240): include()
 2 SYSTEMPATH/View/View.php(243): CodeIgniter\View\View->CodeIgniter\View\{closure}()
 3 SYSTEMPATH/Common.php(1268): CodeIgniter\View\View->render('testUser', [], true)
 4 APPPATH/Controllers/Home.php(19): view('testUser', [...])
 5 SYSTEMPATH/CodeIgniter.php(974): App\Controllers\Home->testUser('1')
 6 SYSTEMPATH/CodeIgniter.php(520): CodeIgniter\CodeIgniter->runController(Object(App\Controllers\Home))
 7 SYSTEMPATH/CodeIgniter.php(363): CodeIgniter\CodeIgniter->handleRequest(null, Object(Config\Cache), false)
 8 SYSTEMPATH/Boot.php(417): CodeIgniter\CodeIgniter->run()
 9 SYSTEMPATH/Boot.php(68): CodeIgniter\Boot::runCodeIgniter(Object(CodeIgniter\CodeIgniter))
10 FCPATH/index.php(59): CodeIgniter\Boot::bootWeb(Object(Config\Paths))
CRITICAL - 2026-09-17 19:56:01 --> TypeError: Cannot access offset of type string on string
[Method: GET, Route: testUser/1]
in APPPATH/Views/testUser.php on line 14.
 1 SYSTEMPATH/View/View.php(240): include()
 2 SYSTEMPATH/View/View.php(243): CodeIgniter\View\View->CodeIgniter\View\{closure}()
 3 SYSTEMPATH/Common.php(1268): CodeIgniter\View\View->render('testUser', [], true)
 4 APPPATH/Controllers/Home.php(19): view('testUser', [...])
 5 SYSTEMPATH/CodeIgniter.php(974): App\Controllers\Home->testUser('1')
 6 SYSTEMPATH/CodeIgniter.php(520): CodeIgniter\CodeIgniter->runController(Object(App\Controllers\Home))
 7 SYSTEMPATH/CodeIgniter.php(363): CodeIgniter\CodeIgniter->handleRequest(null, Object(Config\Cache), false)
 8 SYSTEMPATH/Boot.php(417): CodeIgniter\CodeIgniter->run()
 9 SYSTEMPATH/Boot.php(68): CodeIgniter\Boot::runCodeIgniter(Object(CodeIgniter\CodeIgniter))
10 FCPATH/index.php(59): CodeIgniter\Boot::bootWeb(Object(Config\Paths))
CRITICAL - 2026-09-17 19:56:01 --> TypeError: Cannot access offset of type string on string
[Method: GET, Route: testUser/1]
in APPPATH/Views/testUser.php on line 14.
 1 SYSTEMPATH/View/View.php(240): include()
 2 SYSTEMPATH/View/View.php(243): CodeIgniter\View\View->CodeIgniter\View\{closure}()
 3 SYSTEMPATH/Common.php(1268): CodeIgniter\View\View->render('testUser', [], true)
 4 APPPATH/Controllers/Home.php(19): view('testUser', [...])
 5 SYSTEMPATH/CodeIgniter.php(974): App\Controllers\Home->testUser('1')
 6 SYSTEMPATH/CodeIgniter.php(520): CodeIgniter\CodeIgniter->runController(Object(App\Controllers\Home))
 7 SYSTEMPATH/CodeIgniter.php(363): CodeIgniter\CodeIgniter->handleRequest(null, Object(Config\Cache), false)
 8 SYSTEMPATH/Boot.php(417): CodeIgniter\CodeIgniter->run()
 9 SYSTEMPATH/Boot.php(68): CodeIgniter\Boot::runCodeIgniter(Object(CodeIgniter\CodeIgniter))
10 FCPATH/index.php(59): CodeIgniter\Boot::bootWeb(Object(Config\Paths))
CRITICAL - 2026-09-17 19:56:01 --> TypeError: Cannot access offset of type string on string
[Method: GET, Route: testUser/1]
in APPPATH/Views/testUser.php on line 14.
 1 SYSTEMPATH/View/View.php(240): include()
 2 SYSTEMPATH/View/View.php(243): CodeIgniter\View\View->CodeIgniter\View\{closure}()
 3 SYSTEMPATH/Common.php(1268): CodeIgniter\View\View->render('testUser', [], true)
 4 APPPATH/Controllers/Home.php(19): view('testUser', [...])
 5 SYSTEMPATH/CodeIgniter.php(974): App\Controllers\Home->testUser('1')
 6 SYSTEMPATH/CodeIgniter.php(520): CodeIgniter\CodeIgniter->runController(Object(App\Controllers\Home))
 7 SYSTEMPATH/CodeIgniter.php(363): CodeIgniter\CodeIgniter->handleRequest(null, Object(Config\Cache), false)
 8 SYSTEMPATH/Boot.php(417): CodeIgniter\CodeIgniter->run()
 9 SYSTEMPATH/Boot.php(68): CodeIgniter\Boot::runCodeIgniter(Object(CodeIgniter\CodeIgniter))
10 FCPATH/index.php(59): CodeIgniter\Boot::bootWeb(Object(Config\Paths))
CRITICAL - 2026-09-17 19:56:01 --> TypeError: Cannot access offset of type string on string
[Method: GET, Route: testUser/1]
in APPPATH/Views/testUser.php on line 14.
 1 SYSTEMPATH/View/View.php(240): include()
 2 SYSTEMPATH/View/View.php(243): CodeIgniter\View\View->CodeIgniter\View\{closure}()
 3 SYSTEMPATH/Common.php(1268): CodeIgniter\View\View->render('testUser', [], true)
 4 APPPATH/Controllers/Home.php(19): view('testUser', [...])
 5 SYSTEMPATH/CodeIgniter.php(974): App\Controllers\Home->testUser('1')
 6 SYSTEMPATH/CodeIgniter.php(520): CodeIgniter\CodeIgniter->runController(Object(App\Controllers\Home))
 7 SYSTEMPATH/CodeIgniter.php(363): CodeIgniter\CodeIgniter->handleRequest(null, Object(Config\Cache), false)
 8 SYSTEMPATH/Boot.php(417): CodeIgniter\CodeIgniter->run()
 9 SYSTEMPATH/Boot.php(68): CodeIgniter\Boot::runCodeIgniter(Object(CodeIgniter\CodeIgniter))
10 FCPATH/index.php(59): CodeIgniter\Boot::bootWeb(Object(Config\Paths))
CRITICAL - 2026-09-17 19:56:02 --> TypeError: Cannot access offset of type string on string
[Method: GET, Route: testUser/1]
in APPPATH/Views/testUser.php on line 14.
 1 SYSTEMPATH/View/View.php(240): include()
 2 SYSTEMPATH/View/View.php(243): CodeIgniter\View\View->CodeIgniter\View\{closure}()
 3 SYSTEMPATH/Common.php(1268): CodeIgniter\View\View->render('testUser', [], true)
 4 APPPATH/Controllers/Home.php(19): view('testUser', [...])
 5 SYSTEMPATH/CodeIgniter.php(974): App\Controllers\Home->testUser('1')
 6 SYSTEMPATH/CodeIgniter.php(520): CodeIgniter\CodeIgniter->runController(Object(App\Controllers\Home))
 7 SYSTEMPATH/CodeIgniter.php(363): CodeIgniter\CodeIgniter->handleRequest(null, Object(Config\Cache), false)
 8 SYSTEMPATH/Boot.php(417): CodeIgniter\CodeIgniter->run()
 9 SYSTEMPATH/Boot.php(68): CodeIgniter\Boot::runCodeIgniter(Object(CodeIgniter\CodeIgniter))
10 FCPATH/index.php(59): CodeIgniter\Boot::bootWeb(Object(Config\Paths))
CRITICAL - 2026-09-17 19:56:02 --> TypeError: Cannot access offset of type string on string
[Method: GET, Route: testUser/1]
in APPPATH/Views/testUser.php on line 14.
 1 SYSTEMPATH/View/View.php(240): include()
 2 SYSTEMPATH/View/View.php(243): CodeIgniter\View\View->CodeIgniter\View\{closure}()
 3 SYSTEMPATH/Common.php(1268): CodeIgniter\View\View->render('testUser', [], true)
 4 APPPATH/Controllers/Home.php(19): view('testUser', [...])
 5 SYSTEMPATH/CodeIgniter.php(974): App\Controllers\Home->testUser('1')
 6 SYSTEMPATH/CodeIgniter.php(520): CodeIgniter\CodeIgniter->runController(Object(App\Controllers\Home))
 7 SYSTEMPATH/CodeIgniter.php(363): CodeIgniter\CodeIgniter->handleRequest(null, Object(Config\Cache), false)
 8 SYSTEMPATH/Boot.php(417): CodeIgniter\CodeIgniter->run()
 9 SYSTEMPATH/Boot.php(68): CodeIgniter\Boot::runCodeIgniter(Object(CodeIgniter\CodeIgniter))
10 FCPATH/index.php(59): CodeIgniter\Boot::bootWeb(Object(Config\Paths))
CRITICAL - 2026-09-17 19:56:02 --> TypeError: Cannot access offset of type string on string
[Method: GET, Route: testUser/1]
in APPPATH/Views/testUser.php on line 14.
 1 SYSTEMPATH/View/View.php(240): include()
 2 SYSTEMPATH/View/View.php(243): CodeIgniter\View\View->CodeIgniter\View\{closure}()
 3 SYSTEMPATH/Common.php(1268): CodeIgniter\View\View->render('testUser', [], true)
 4 APPPATH/Controllers/Home.php(19): view('testUser', [...])
 5 SYSTEMPATH/CodeIgniter.php(974): App\Controllers\Home->testUser('1')
 6 SYSTEMPATH/CodeIgniter.php(520): CodeIgniter\CodeIgniter->runController(Object(App\Controllers\Home))
 7 SYSTEMPATH/CodeIgniter.php(363): CodeIgniter\CodeIgniter->handleRequest(null, Object(Config\Cache), false)
 8 SYSTEMPATH/Boot.php(417): CodeIgniter\CodeIgniter->run()
 9 SYSTEMPATH/Boot.php(68): CodeIgniter\Boot::runCodeIgniter(Object(CodeIgniter\CodeIgniter))
10 FCPATH/index.php(59): CodeIgniter\Boot::bootWeb(Object(Config\Paths))
CRITICAL - 2026-09-17 19:56:02 --> TypeError: Cannot access offset of type string on string
[Method: GET, Route: testUser/1]
in APPPATH/Views/testUser.php on line 14.
 1 SYSTEMPATH/View/View.php(240): include()
 2 SYSTEMPATH/View/View.php(243): CodeIgniter\View\View->CodeIgniter\View\{closure}()
 3 SYSTEMPATH/Common.php(1268): CodeIgniter\View\View->render('testUser', [], true)
 4 APPPATH/Controllers/Home.php(19): view('testUser', [...])
 5 SYSTEMPATH/CodeIgniter.php(974): App\Controllers\Home->testUser('1')
 6 SYSTEMPATH/CodeIgniter.php(520): CodeIgniter\CodeIgniter->runController(Object(App\Controllers\Home))
 7 SYSTEMPATH/CodeIgniter.php(363): CodeIgniter\CodeIgniter->handleRequest(null, Object(Config\Cache), false)
 8 SYSTEMPATH/Boot.php(417): CodeIgniter\CodeIgniter->run()
 9 SYSTEMPATH/Boot.php(68): CodeIgniter\Boot::runCodeIgniter(Object(CodeIgniter\CodeIgniter))
10 FCPATH/index.php(59): CodeIgniter\Boot::bootWeb(Object(Config\Paths))
CRITICAL - 2026-09-17 19:56:02 --> TypeError: Cannot access offset of type string on string
[Method: GET, Route: testUser/1]
in APPPATH/Views/testUser.php on line 14.
 1 SYSTEMPATH/View/View.php(240): include()
 2 SYSTEMPATH/View/View.php(243): CodeIgniter\View\View->CodeIgniter\View\{closure}()
 3 SYSTEMPATH/Common.php(1268): CodeIgniter\View\View->render('testUser', [], true)
 4 APPPATH/Controllers/Home.php(19): view('testUser', [...])
 5 SYSTEMPATH/CodeIgniter.php(974): App\Controllers\Home->testUser('1')
 6 SYSTEMPATH/CodeIgniter.php(520): CodeIgniter\CodeIgniter->runController(Object(App\Controllers\Home))
 7 SYSTEMPATH/CodeIgniter.php(363): CodeIgniter\CodeIgniter->handleRequest(null, Object(Config\Cache), false)
 8 SYSTEMPATH/Boot.php(417): CodeIgniter\CodeIgniter->run()
 9 SYSTEMPATH/Boot.php(68): CodeIgniter\Boot::runCodeIgniter(Object(CodeIgniter\CodeIgniter))
10 FCPATH/index.php(59): CodeIgniter\Boot::bootWeb(Object(Config\Paths))
